time,flow,temp,aed_nitrogen_nit,aed_phosphorus_frp
2007-01-01,251.9998,3,26.50230675,1.76682045
2007-01-02,90.5242,2.5,13.95447295,0.930298197
2007-01-03,110.097,1.7,15.90351508,1.060234339
2007-01-04,178.6018,2.5,21.64896434,1.44326429
2007-01-05,207.961,4.4,20.38851996,1.359234664
2007-01-06,122.33,3.8,17.25840677,1.150560451
2007-01-07,105.2038,2.3,15.76615579,1.051077052
2007-01-08,156.5824,1.2,20.48425621,1.365617081
2007-01-09,127.2232,0.5,17.95879997,1.197253331
2007-01-10,68.5048,0.3,12.21839783,0.814559856
2007-01-11,163.9222,1,21.44334324,1.429556216
2007-01-12,137.0096,0.9,19.24157139,1.282771426
2007-01-13,114.9902,1,17.34743656,1.156495771
2007-01-14,139.4562,0.9,19.69166663,1.312777775
2007-01-15,92.9708,0.7,15.38312997,1.025541998
2007-01-16,112.5436,0.7,17.50982997,1.167321998
2007-01-17,100.3106,0.9,16.4038307,1.093588713
2007-01-18,114.9902,0.7,18.0543255,1.2036217
2007-01-19,114.9902,0.7,18.20716635,1.21381109
2007-01-20,97.864,0.9,16.56699297,1.104466198
2007-01-21,102.7572,0.8,17.25327568,1.150218379
2007-01-22,105.2038,0.5,17.66644741,1.177763161
2007-01-23,110.097,0.4,18.37783863,1.225189242
2007-01-24,110.097,0.4,18.53747241,1.235831494
2007-01-25,100.3106,0.3,17.65218631,1.176812421
2007-01-26,122.33,0.3,20.29344396,1.352896264
2007-01-27,114.9902,0.3,19.67825954,1.311883969
2007-01-28,95.4174,0.3,17.63646253,1.175764169
2007-01-29,97.864,0.1,12.57115998,0.838077332
2007-01-30,100.3106,0.1,18.61582923,1.241055282
2007-01-31,90.5242,0.1,17.61903889,1.174602592
2007-02-01,97.864,0.1,18.74449747,1.249633164
2007-02-02,85.631,0.1,17.39438054,1.159625369
2007-02-03,80.7378,0.1,16.95201876,1.130134584
2007-02-04,95.4174,0.1,19.08698099,1.272465399
2007-02-05,90.5242,0.1,18.68685943,1.245790628
2007-02-06,78.2912,0.1,17.22922372,1.148614915
2007-02-07,95.4174,0.1,19.82375227,1.321583485
2007-02-08,102.7572,0,21.03745139,1.402496759
2007-02-09,100.3106,0,20.9811346,1.398742306
2007-02-10,114.9902,0,23.11717868,1.541145245
2007-02-11,112.5436,0,23.22931735,1.548621157
2007-02-12,70.9514,0,17.49434824,1.166289883
2007-02-13,132.1164,0,26.27305921,1.751537281
2007-02-14,124.7766,0,25.70573329,1.713715552
2007-02-15,119.8834,0,25.47217546,1.698145031
2007-02-16,117.4368,0,25.44163329,1.696108886
2007-02-17,105.2038,0,24.01467437,1.600978292
2007-02-18,90.5242,0,22.20581347,1.480387565
2007-02-19,90.5242,0,22.5213059,1.501420394
2007-02-20,112.5436,0.1,26.15738256,1.743825504
2007-02-21,129.6698,0.1,29.14069429,1.942712952
2007-02-22,129.6698,0.2,29.47953957,1.965302638
2007-02-23,129.6698,0.2,29.98780749,1.999187166
2007-02-24,114.9902,0,28.2755574,1.88503716
2007-02-25,107.6504,0,27.3463545,1.8230903
2007-02-26,117.4368,0,29.37012078,1.958008052
2007-02-27,124.7766,0,30.98773328,2.065848885
2007-02-28,127.2232,0,31.94594225,2.129729483
2007-03-01,129.6698,0,32.86799239,2.191199493
2007-03-02,141.9028,0,35.29833097,2.353222065
2007-03-03,151.6892,0,37.36589025,2.49105935
2007-03-04,132.1164,0,34.75360364,2.316906909
2007-03-05,137.0096,0.1,36.07794636,2.405196424
2007-03-06,127.2232,0,35.05419609,2.336946406
2007-03-07,137.0096,0,37.20037136,2.480024757
2007-03-08,134.563,0,37.3869563,2.492463753
2007-03-09,144.3494,0,39.72243044,2.648162029
2007-03-10,176.1552,0.2,45.76999714,3.051333143
2007-03-11,207.961,0.4,51.65795991,3.443863994
2007-03-12,340.0774,1.2,71.05999987,4.737333325
2007-03-13,1022.6788,1.1,227.7072723,15.18048482
2007-03-14,1306.4844,0.6,297.6317972,19.84211981
2007-03-15,937.0478,1,139.497206,9.299813734
2007-03-16,389.0094,1.2,82.45235205,5.49682347
2007-03-17,229.9804,2.7,60.46766159,4.031177439
2007-03-18,178.6018,3.7,52.40033415,3.49335561
2007-03-19,232.427,3.2,62.85579989,4.190386659
2007-03-20,205.5144,3.4,59.11438323,3.940958882
2007-03-21,181.0484,3.8,55.45386206,3.696924137
2007-03-22,452.621,7.5,99.98683225,6.665788817
2007-03-23,535.8054,6.7,112.3450044,7.489666957
2007-03-24,308.2716,8.8,81.24219033,5.416146022
2007-03-25,181.0484,11.8,59.09415935,3.939610623
2007-03-26,296.0386,15.3,81.63090894,5.442060596
2007-03-27,313.1648,15.8,110.1379529,7.342530195
2007-03-28,144.3494,11.2,53.72420668,3.581613779
2007-03-29,173.7086,8.6,61.33815482,4.089210321
2007-03-30,210.4076,8.9,70.16461383,4.677640922
2007-03-31,212.8542,9,71.83519987,4.789013325
2007-04-01,274.0192,9.2,85.78533913,5.719022609
2007-04-02,503.9996,9.3,126.4090289,8.427268593
2007-04-03,423.2618,8.644444444,64.36101722,4.290734482
2007-04-04,609.2034,7.988888889,146.4111001,9.760740009
2007-04-05,352.3104,7.333333333,106.0068054,7.067120358
2007-04-06,249.5532,6.677777778,86.88889984,5.792593323
2007-04-07,215.3008,6.022222222,80.40644531,5.360429687
2007-04-08,205.5144,5.366666667,79.31803319,5.287868879
2007-04-09,217.7474,4.711111111,83.43779535,5.56251969
2007-04-10,227.5338,4.055555556,86.99397188,5.799598126
2007-04-11,300.9318,3.4,75.92338198,5.061558798
2007-04-12,117.4368,2.5,59.11438323,3.940958882
2007-04-13,274.0192,4.5,101.819982,6.787998797
2007-04-14,278.9124,6.9,104.7596665,6.983977765
2007-04-15,261.7862,8.6,102.3819437,6.825462916
2007-04-16,222.6406,10.2,93.44496467,6.229664311
2007-04-17,237.3202,13,98.12540188,6.541693459
2007-04-18,207.961,11.8,92.01243983,6.134162655
2007-04-19,161.4756,11.5,79.59013622,5.306009081
2007-04-20,183.495,13.6,87.39949317,5.826632878
2007-04-21,146.796,15.9,76.92352653,5.128235102
2007-04-22,151.6892,16.6,79.51113856,5.300742571
2007-04-23,266.6794,17.6,114.5079447,7.633862983
2007-04-24,247.1066,16.7,111.1311879,7.408745861
2007-04-25,293.592,14.2,124.9633164,8.330887763
2007-04-26,291.1454,11,126.0134283,8.400895223
2007-04-27,315.6114,10.9,133.6468835,8.909792232
2007-04-28,266.6794,13.6,121.9221282,8.128141881
2007-04-29,185.9416,16.2,98.65524982,6.577016655
2007-04-30,254.4464,16.9,121.7399421,8.115996139
2007-05-01,220.194,17.1,111.7436442,7.449576283
2007-05-02,203.0678,17.8,107.8609853,7.190732356
2007-05-03,181.0484,16.7,101.4429512,6.762863411
2007-05-04,163.9222,15.8,96.36102371,6.424068247
2007-05-05,173.7086,14.8,101.0498674,6.736657828
2007-05-06,146.796,12.8,91.88919317,6.125946211
2007-05-07,163.9222,13.8,99.4435043,6.629566953
2007-05-08,168.8154,16.6,102.4172143,6.827814287
2007-05-09,166.3688,20.2,102.4707998,6.831386654
2007-05-10,151.6892,21.9,97.61476756,6.507651171
2007-05-11,163.9222,22.3,68.35065659,4.556710439
2007-05-12,127.2232,19.4,88.93059599,5.928706399
2007-05-13,139.4562,17.7,95.15013316,6.343342211
2007-05-14,117.4368,18.2,86.05258318,5.736838878
2007-05-15,254.4464,19.9,140.7348267,9.382321778
2007-05-16,185.9416,17.4,116.9684998,7.797899986
2007-05-17,154.1358,17.5,104.7596665,6.983977765
2007-05-18,127.2232,18.6,93.59297675,6.239531784
2007-05-19,171.262,19.5,113.7818255,7.585455034
2007-05-20,185.9416,18.2,120.5129998,8.034199985
2007-05-21,124.7766,18.3,53.70033324,3.580022216
2007-05-22,124.7766,20.8,95.25206649,6.350137766
2007-05-23,92.9708,22.3,79.63309986,5.308873324
2007-05-24,134.563,22.3,101.2223271,6.748155139
2007-05-25,210.4076,21.2,134.6909998,8.979399984
2007-05-26,95.4174,21,82.42628703,5.495085802
2007-05-27,183.495,19.9,124.5143464,8.300956429
2007-05-28,139.4562,20.3,105.8623998,7.05749332
2007-05-29,137.0096,22.1,105.187257,7.012483797
2007-05-30,117.4368,24.1,95.96733733,6.397822488
2007-05-31,139.4562,24.1,107.4377331,7.162515543
2007-06-01,117.4368,24.2,96.90269149,6.460179433
2007-06-02,149.2426,23.1,113.0521178,7.536807855
2007-06-03,171.262,23.9,123.7874426,8.252496175
2007-06-04,332.7376,21.1,187.5109997,12.50073331
2007-06-05,225.0872,20.6,147.3792823,9.825285489
2007-06-06,176.1552,19.6,127.2081664,8.480544429
2007-06-07,75.8446,20.4,75.02143857,5.001429238
2007-06-08,276.4658,21.8,169.2577165,11.28384777
2007-06-09,134.563,21.9,108.2425853,7.21617235
2007-06-10,134.563,23.4,108.4058471,7.227056472
2007-06-11,134.563,24.7,108.5691089,7.237940593
2007-06-12,117.4368,25.425,99.89582482,6.659721655
2007-06-13,97.864,26.15,89.12054484,5.941369656
2007-06-14,112.5436,26.875,97.40696939,6.493797959
2007-06-15,105.2038,27.6,93.34399518,6.222933012
2007-06-16,129.6698,27.7,106.5668413,7.104456088
2007-06-17,92.9708,27.5,96.41039982,6.427359988
2007-06-18,88.0776,27.3,83.5583054,5.570553694
2007-06-19,176.1552,25,129.7024442,8.646829614
2007-06-20,97.864,24.1,89.12054484,5.941369656
2007-06-21,132.1164,24.9,107.5865146,7.172434308
2007-06-22,132.1164,23,107.5865146,7.172434308
2007-06-23,105.2038,22.2,92.92634867,6.195089911
2007-06-24,97.864,23.9,88.67157484,5.911438323
2007-06-25,110.097,25.8,95.38118205,6.35874547
2007-06-26,80.7378,27.1,78.09356955,5.20623797
2007-06-27,149.2426,28,114.8185572,7.654570478
2007-06-28,107.6504,25.7,93.26331347,6.217554231
2007-06-29,97.864,24,87.54914984,5.836609989
2007-06-30,105.2038,25.2,91.25576262,6.083717508
2007-07-01,92.9708,25.1,84.12279985,5.608186656
2007-07-02,70.9514,24.4,70.59666194,4.706444129
2007-07-03,171.262,23.7,122.6329483,8.17552989
2007-07-04,398.7958,24.4,206.0304045,13.7353603
2007-07-05,234.8736,26.4,147.7859581,9.852397204
2007-07-06,146.796,26.6,109.6983365,7.313222431
2007-07-07,80.7378,26.9,74.8283332,4.988555546
2007-07-08,100.3106,28.1,85.41380472,5.694253648
2007-07-09,183.495,28.6,124.5143464,8.300956429
2007-07-10,110.097,28,89.59445761,5.972963841
2007-07-11,127.2232,24.6,154.0312459,10.26874972
2007-07-12,129.6698,23.4,98.09570926,6.53971395
2007-07-13,90.5242,22.8,77.65967553,5.177311702
2007-07-14,146.796,23.2,104.6100098,6.974000654
2007-07-15,105.2038,22.9,84.15577194,5.610384796
2007-07-16,90.5242,23.2,75.96087013,5.064058009
2007-07-17,114.9902,23.6,87.69243814,5.846162543
2007-07-18,114.9902,24.5,86.92823388,5.795215592
2007-07-19,137.0096,26.2,96.3682034,6.424546893
2007-07-20,68.5048,25,61.57302846,4.104868564
2007-07-21,95.4174,25.7,75.51905627,5.034603752
2007-07-22,97.864,25.4,75.87592986,5.058395324
2007-07-23,107.6504,25.1,79.99829076,5.333219384
2007-07-24,97.864,25.6,74.52901986,4.968601324
2007-07-25,95.4174,26.2,72.75616397,4.850410931
2007-07-26,95.4174,26.4,72.06544089,4.804362726
2007-07-27,144.3494,26.7,92.5334778,6.16889852
2007-07-28,102.7572,26.4,73.97315225,4.931543483
2007-07-29,95.4174,26.4,69.76303064,4.650868709
2007-07-30,90.5242,27.3,66.98147015,4.465431343
2007-07-31,100.3106,28.1,70.52114134,4.701409422
2007-08-01,83.1844,28.3,62.06349989,4.137566659
2007-08-02,112.5436,29.1,74.17765204,4.945176803
2007-08-03,97.864,27.7,67.12101488,4.474734325
2007-08-04,107.6504,25.5,70.61073624,4.707382416
2007-08-05,188.3882,22.5,99.12324657,6.608216438
2007-08-06,134.563,23.7,79.34524349,5.289682899
2007-08-07,190.8348,25.8,97.50707418,6.500471612
2007-08-08,166.3688,27,88.47349984,5.898233323
2007-08-09,127.2232,25.9,73.9073691,4.92715794
2007-08-10,129.6698,27,99.78993567,6.652662378
2007-08-11,80.7378,28,54.14850293,3.609900195
2007-08-12,178.6018,27.2,87.82591217,5.855060811
2007-08-13,90.5242,27.4,56.54595125,3.769730083
2007-08-14,129.6698,26.3,70.14097346,4.676064897
2007-08-15,132.1164,25.1,70.00606284,4.667070856
2007-08-16,137.0096,24,70.55242844,4.70349523
2007-08-17,139.4562,24,70.41739987,4.694493325
2007-08-18,112.5436,22.1,60.70855206,4.047236804
2007-08-19,1768.8918,18.4,322.9106495,21.52737663
2007-08-20,2838.056,16.8,419.5547234,27.97031489
2007-08-21,2197.0468,18,356.9761463,23.79840976
2007-08-22,1392.1154,20.4,268.2773282,17.88515521
2007-08-23,1607.4162,21.5,144.87312,9.658207999
2007-08-24,1345.63,22,256.3210541,17.08807027
2007-08-25,782.912,22.3,182.1134559,12.14089706
2007-08-26,442.8346,22.8,127.0014583,8.466763889
2007-08-27,354.757,22.2,108.9913377,7.266089182
2007-08-28,401.2424,22,116.0751705,7.738344701
2007-08-29,344.9706,23.3,103.8044112,6.920294077
2007-08-30,281.359,23.3,90.57481723,6.038321148
2007-08-31,266.6794,23.1,86.49880718,5.766587145
2007-09-01,247.1066,23.1,80.9035048,5.393566987
2007-09-02,249.5532,23.1,95.07599983,6.338399988
2007-09-03,239.7668,23.4,76.96628557,5.131085705
2007-09-04,232.427,23.9,74.38723986,4.959149324
2007-09-05,200.6212,25,66.79797549,4.453198366
2007-09-06,210.4076,25.3,67.76314639,4.517543093
2007-09-07,288.6988,24.6,81.42337273,5.428224849
2007-09-08,244.66,23.8,72.19437587,4.812958391
2007-09-09,242.2134,24,70.56538573,4.704359049
2007-09-10,237.3202,21.5,68.59521018,4.573014012
2007-09-11,330.291,18.9,83.14259244,5.542839496
2007-09-12,266.6794,17.6,71.5056806,4.767045374
2007-09-13,220.194,18.1,62.45671544,4.163781029
2007-09-14,271.5726,17.6,66.81967916,4.454645277
2007-09-15,212.8542,15.5,59.24339759,3.94955984
2007-09-16,210.4076,15.8,57.94845338,3.863230226
2007-09-17,193.2814,16.4,54.10372648,3.606915099
2007-09-18,200.6212,18.4,54.53342917,3.635561945
2007-09-19,225.0872,20.2,57.5852825,3.839018834
2007-09-20,181.0484,20.5,49.50804315,3.30053621
2007-09-21,112.5436,21.2,36.11280428,2.407520285
2007-09-22,293.592,20.7,64.80133655,4.320089103
2007-09-23,190.8348,20.7,48.81109735,3.254073156
2007-09-24,171.262,21.2,44.89699992,2.993133328
2007-09-25,207.961,22,49.86207991,3.324138661
2007-09-26,203.0678,19.7,48.4671228,3.23114152
2007-09-27,210.4076,18.8,48.76023014,3.25068201
2007-09-28,195.728,18.4,45.90718242,3.060478828
2007-09-29,144.3494,18.1,37.28733892,2.485822594
2007-09-30,176.1552,17.9,41.65443881,2.776962588
2007-10-01,315.6114,18.6,44.82739217,2.988492811
2007-10-02,251.9998,18.8,45.15853584,3.010569056
2007-10-03,437.9414,18.1,45.0976569,3.00651046
2007-10-04,278.9124,18.5,44.81823325,2.987882217
2007-10-05,203.0678,19.5,44.78881438,2.985920958
2007-10-06,200.6212,21.1,44.56848528,2.971232352
2007-10-07,188.3882,22.4,44.19730641,2.946487094
2007-10-08,161.4756,22.7,44.35279386,2.956852924
2007-10-09,200.6212,20.2,43.80195114,2.920130076
2007-10-10,251.9998,15.5,43.76367759,2.917578506
2007-10-11,154.1358,12.8,43.32916818,2.888611212
2007-10-12,190.8348,11.8,43.51555377,2.901036918
2007-10-13,176.1552,11.9,43.40043325,2.893362217
2007-10-14,193.2814,12,42.85106068,2.856737379
2007-10-15,203.0678,12.4,43.0578457,2.870523047
2007-10-16,207.961,13.6,42.46727992,2.831151995
2007-10-17,296.0386,14,42.37386273,2.824924182
2007-10-18,137.0096,15.4,42.49180349,2.8327869
2007-10-19,420.8152,14.5,42.02568016,2.80171201
2007-10-20,318.058,13.2,41.995963,2.799730867
2007-10-21,222.6406,14.3,41.83808344,2.789205563
2007-10-22,244.66,14.2,41.66441592,2.777627728
2007-10-23,181.0484,12.3,41.49938911,2.766625941
2007-10-24,215.3008,11.4,41.42768629,2.761845753
2007-10-25,193.2814,10.7,41.14611132,2.743074088
2007-10-26,188.3882,10.5,40.69883889,2.713255926
2007-10-27,188.3882,10.7,40.69883889,2.713255926
2007-10-28,144.3494,9.8,39.87462366,2.658308244
2007-10-29,198.1746,9.6,38.02387894,2.534925263
2007-10-30,127.2232,10.1,36.78100378,2.452066919
2007-10-31,256.893,10.6,36.17415422,2.411610281
2007-11-01,190.8348,8.9,34.76639481,2.317759654
2007-11-02,185.9416,8.1,33.67274994,2.244849996
2007-11-03,178.6018,7.5,32.71945747,2.181297165
2007-11-04,176.1552,7.7,29.80661939,1.987107959
2007-11-05,198.1746,7.4,30.92904439,2.061936293
2007-11-06,217.7474,4.9,29.96496399,1.997664266
2007-11-07,132.1164,4.1,28.93362217,1.928908145
2007-11-08,225.0872,4.4,28.10942604,1.873961736
2007-11-09,171.262,4.6,27.32303138,1.821535425
2007-11-10,144.3494,4.1,26.63381351,1.775587567
2007-11-11,205.5144,5,25.76232614,1.71748841
2007-11-12,183.495,7.1,25.02259462,1.668172975
2007-11-13,144.3494,6.8,23.89433555,1.592955703
2007-11-14,183.495,6.1,23.34643996,1.55642933
2007-11-15,212.8542,4.1,22.70652869,1.51376858
2007-11-16,181.0484,2.7,22.08447023,1.472298015
2007-11-17,205.5144,2.2,21.48642139,1.432428093
2007-11-18,110.097,2,21.15147552,1.410098368
2007-11-19,207.961,3.3,21.33927996,1.422618664
2007-11-20,210.4076,4.1,21.29997205,1.419998137
2007-11-21,217.7474,3.3,21.28824041,1.419216027
2007-11-22,132.1164,1.6,21.11821848,1.407881232
2007-11-23,117.4368,2,20.9519333,1.396795553
2007-11-24,183.495,2.2,21.07165863,1.404777242
2007-11-25,159.029,0.8,20.85983689,1.390655792
2007-11-26,276.4658,0.6,21.05788492,1.403858994
2007-11-27,181.0484,1.3,20.8710378,1.39140252
2007-11-28,156.5824,1.5,20.90516559,1.393677706
2007-11-29,185.9416,1,20.91254996,1.394169997
2007-11-30,168.8154,1.7,20.82179706,1.388119804
2007-12-01,129.6698,1.5,20.83898487,1.389265658
2007-12-02,200.6212,1,20.69642191,1.379761461
2007-12-03,193.2814,0.9,20.68671895,1.379114597
2007-12-04,178.6018,0.6,20.66492051,1.377661367
2007-12-05,161.4756,0.2,20.67983027,1.378655351
2007-12-06,144.3494,0.3,20.69827793,1.379885195
2007-12-07,181.0484,0.2,20.62835131,1.375223421
2007-12-08,159.029,0.2,20.58354765,1.37223651
2007-12-09,163.9222,0.2,20.50519698,1.367013132
2007-12-10,163.9222,0.2,20.37117608,1.358078405
2007-12-11,161.4756,0.2,20.40772724,1.360515149
2007-12-12,168.8154,0.2,20.30125214,1.353416809
2007-12-13,168.8154,0.1,20.43138837,1.362092558
2007-12-14,176.1552,0.1,20.20364996,1.346909998
2007-12-15,159.029,0.1,20.16911381,1.344607587
2007-12-16,151.6892,0,20.42089351,1.361392901
2007-12-17,154.1358,0,20.09675234,1.33978349
2007-12-18,168.8154,0,20.04097967,1.336065312
2007-12-19,168.8154,0,20.17111591,1.34474106
2007-12-20,176.1552,0,19.95422219,1.330281479
2007-12-21,183.495,0,20.11385596,1.340923731
2007-12-22,195.728,0,19.86692246,1.324461498
2007-12-23,256.893,0.1,20.01123425,1.334082283
2007-12-24,303.3784,0,19.98640642,1.332427094
2007-12-25,259.3396,0,19.90716034,1.327144023
2007-12-26,212.8542,0,19.81660686,1.321107124
2007-12-27,198.1746,0,19.73250861,1.315500574
2007-12-28,185.9416,0,19.73104996,1.315403331
2007-12-29,178.6018,0,19.5578712,1.30385808
2007-12-30,176.1552,0,19.70479441,1.313652961
2007-12-31,178.6018,0,19.5578712,1.30385808
2008-01-01,159.029,0,19.61653535,1.307769023
2008-01-02,151.6892,0.1,19.55191932,1.303461288
2008-01-03,156.5824,0,19.36183121,1.290788748
2008-01-04,159.029,0,19.47839073,1.298559382
2008-01-05,176.1552,0,19.58008052,1.305338701
2008-01-06,232.427,0,19.37659996,1.291773331
2008-01-07,379.223,0.1,19.34915867,1.289943912
2008-01-08,626.3296,0.6,19.08122497,1.272081664
2008-01-09,697.281,0.5,18.84098663,1.256065775
2008-01-10,557.8248,0.7,18.5889333,1.23926222
2008-01-11,359.6502,0.5,18.32530609,1.221687073
2008-01-12,332.7376,0.9,18.02482497,1.201654998
2008-01-13,266.6794,0.5,17.79404033,1.186269356
2008-01-14,254.4464,0.2,17.44075766,1.162717177
2008-01-15,217.7474,0.3,17.35344716,1.156896477
2008-01-16,198.1746,0.5,17.07194565,1.13812971
2008-01-17,193.2814,0.4,16.82216706,1.121477804
2008-01-18,185.9416,0.2,16.54099997,1.102733331
2008-01-19,171.262,0.2,16.16291997,1.077527998
2008-01-20,163.9222,0.1,15.94848654,1.063232436
2008-01-21,176.1552,0,15.71394997,1.047596665
2008-01-22,181.0484,0,15.53193511,1.03546234
2008-01-23,185.9416,0,15.35949997,1.023966665
2008-01-24,166.3688,0,15.05369997,1.003579998
2008-01-25,171.262,0,14.88014854,0.992009903
2008-01-26,176.1552,0,14.71623886,0.981082591
2008-01-27,168.8154,0,14.57525794,0.971683863
2008-01-28,181.0484,0,14.19715943,0.946477296
2008-01-29,200.6212,0,13.90711949,0.927141299
2008-01-30,156.5824,0.1,13.86194872,0.924129915
2008-01-31,210.4076,0,13.5735116,0.904900774
2008-02-01,200.6212,0,13.46909998,0.897939998
2008-02-02,193.2814,0,13.18494175,0.878996117
2008-02-03,183.495,0,13.05006131,0.870004087
2008-02-04,190.8348,0,12.7783769,0.851891793
2008-02-05,198.1746,0,12.63767405,0.842511603
2008-02-06,171.262,0,12.39157198,0.826104798
2008-02-07,176.1552,0,12.19701831,0.813134554
2008-02-08,210.4076,0,12.21616044,0.814410696
2008-02-09,190.8348,0,12.20277434,0.813518289
2008-02-10,168.8154,0,12.32390114,0.821593409
2008-02-11,195.728,0,12.45891748,0.830594498
2008-02-12,185.9416,0,12.64204998,0.842803332
2008-02-13,193.2814,0,12.73028858,0.848685906
2008-02-14,200.6212,0,12.81207071,0.854138047
2008-02-15,195.728,0,13.02012998,0.868008665
2008-02-16,185.9416,0,13.23279998,0.882186665
2008-02-17,232.427,0,13.32731998,0.888487998
2008-02-18,325.3978,0,13.43534283,0.895689522
2008-02-19,271.5726,0,13.50954772,0.900636515
2008-02-20,264.2328,0,13.71852775,0.914568517
2008-02-21,234.8736,0,13.84324164,0.922882776
2008-02-22,229.9804,0,14.04225317,0.936150211
2008-02-23,220.194,0,14.16749775,0.94449985
2008-02-24,215.3008,0,14.18337043,0.945558029
2008-02-25,227.5338,0,14.4829032,0.96552688
2008-02-26,222.6406,0,14.60385931,0.973590621
2008-02-27,203.0678,0,14.71323371,0.980882247
2008-02-28,173.7086,0,14.79703941,0.986469294
2008-02-29,195.728,0,14.92825247,0.995216832
2008-03-01,188.3882,0,15.16002595,1.010668396
2008-03-02,193.2814,0,15.45820757,1.030547171
2008-03-03,408.5822,0,15.70050776,1.046700517
2008-03-04,464.854,0,16.06839997,1.071226665
2008-03-05,352.3104,0,16.39987636,1.093325091
2008-03-06,281.359,0,16.78757388,1.119171592
2008-03-07,237.3202,0.1,17.31080203,1.154053469
2008-03-08,207.961,0.2,17.64187997,1.176125331
2008-03-09,210.4076,0.1,18.16762322,1.211174882
2008-03-10,195.728,0.2,18.52001247,1.234667498
2008-03-11,203.0678,0.4,18.93246985,1.262164656
2008-03-12,229.9804,0.4,19.29615741,1.286410494
2008-03-13,288.6988,1,20.54608471,1.369738981
2008-03-14,530.9122,1.5,37.32451053,2.488300702
2008-03-15,672.815,1.8,134.5277379,8.968515862
2008-03-16,621.4364,2.1,156.9627399,10.46418266
2008-03-17,450.1744,2,146.8912715,9.792751431
2008-03-18,391.456,2.1,117.2934123,7.819560819
2008-03-19,491.7666,3.2,91.13420879,6.075613919
2008-03-20,570.0578,3.8,69.75413721,4.650275814
2008-03-21,545.5918,1.9,62.81553352,4.187702235
2008-03-22,335.1842,1.4,57.28463931,3.818975954
2008-03-23,325.3978,3,52.18854276,3.479236184
2008-03-24,303.3784,3.1,47.79358056,3.186238704
2008-03-25,362.0968,3.2,43.50155262,2.900103508
2008-03-26,545.5918,3.7,39.74290486,2.649526991
2008-03-27,565.1646,3.8,37.82232114,2.521488076
2008-03-28,396.3492,3.5,38.85530487,2.590353658
2008-03-29,357.2036,5,40.28429445,2.68561963
2008-03-30,330.291,5.1,41.57129622,2.771419748
2008-03-31,433.0482,4.8,42.91848806,2.861232537
2008-04-01,570.0578,4.3,44.31892696,2.954595131
2008-04-02,484.4268,4.8,45.07840194,3.005226796
2008-04-03,391.456,5.9,45.28984867,3.019323245
2008-04-04,354.757,7.2,45.39241509,3.026161006
2008-04-05,325.3978,9.4,45.50462849,3.033641899
2008-04-06,318.058,10.7,45.51865069,3.034576712
2008-04-07,283.8056,10.3,45.67108612,3.044739075
2008-04-08,396.3492,8.2,45.45128387,3.030085591
2008-04-09,557.8248,6.8,50.01683324,3.334455549
2008-04-10,675.2616,5.6,70.27356509,4.684904339
2008-04-11,1003.106,5.3,91.54607788,6.103071859
2008-04-12,1328.5038,5.3,95.08572727,6.339048484
2008-04-13,709.514,5.3,99.39266878,6.626177919
2008-04-14,403.689,6.5,104.4875634,6.965837563
2008-04-15,195.728,8.6,108.9874673,7.265831153
2008-04-16,440.388,9.7,111.2447887,7.416319246
2008-04-17,477.087,12.1,103.6084613,6.907230757
2008-04-18,362.0968,11.8,92.2208647,6.148057646
2008-04-19,445.2812,13.1,82.88676908,5.525784605
2008-04-20,413.4754,15.4,74.38556199,4.959037466
2008-04-21,347.4172,17.2,67.02932382,4.468621588
2008-04-22,342.524,17.2,65.42134274,4.361422849
2008-04-23,335.1842,17.4,64.03557507,4.269038338
2008-04-24,298.4852,16.8,63.15020644,4.210013763
2008-04-25,457.5142,16.7,65.78490897,4.385660598
2008-04-26,1007.9992,13.1,84.781228,5.652081867
2008-04-27,780.4654,11.2,85.85319734,5.723546489
2008-04-28,420.8152,11.2,81.44106962,5.429404641
2008-04-29,357.2036,10.2,86.71886286,5.781257524
2008-04-30,374.3298,11,89.20711095,5.94714073
2008-05-01,332.7376,11.9,83.19149985,5.54609999
2008-05-02,205.5144,13.5,76.75249034,5.116832689
2008-05-03,457.5142,13.1,68.66599987,4.577733325
2008-05-04,286.2522,12.8,61.09061869,4.072707913
2008-05-05,364.5434,14.4,55.80486164,3.72032411
2008-05-06,225.0872,16,53.29078686,3.552719124
2008-05-07,413.4754,17.7,51.32603778,3.421735852
2008-05-08,305.825,17.5,49.63812311,3.309208207
2008-05-09,300.9318,17.3,48.54716251,3.236477501
2008-05-10,315.6114,16.2,47.61170224,3.174113483
2008-05-11,286.2522,14.3,46.12495205,3.074996804
2008-05-12,269.126,14.3,44.65210719,2.976807146
2008-05-13,188.3882,15.1,47.34592719,3.156395146
2008-05-14,391.456,15.8,55.05494615,3.670329743
2008-05-15,264.2328,17,48.63841658,3.242561105
2008-05-16,244.66,17.4,43.90926592,2.927284395
2008-05-17,300.9318,18.1,49.64221129,3.309480753
2008-05-18,269.126,16.7,56.48858899,3.765905933
2008-05-19,261.7862,15.8,57.06534569,3.804356379
2008-05-20,251.9998,16.3,57.62508145,3.841672097
2008-05-21,256.893,16.5,61.31647417,4.087764945
2008-05-22,254.4464,17.7,66.05039411,4.403359607
2008-05-23,239.7668,17.5,70.64405497,4.709603665
2008-05-24,203.0678,17.7,76.05443601,5.070295734
2008-05-25,156.5824,18,74.22035299,4.948023533
2008-05-26,322.9512,20.2,72.78756047,4.852504032
2008-05-27,222.6406,18,74.20339327,4.946892885
2008-05-28,198.1746,16.3,67.73349864,4.515566576
2008-05-29,217.7474,16.7,62.14955494,4.143303663
2008-05-30,332.7376,16.5,56.9135499,3.79423666
2008-05-31,349.8638,19.3,52.99729781,3.533153187
2008-06-01,254.4464,21,48.95499799,3.263666533
2008-06-02,239.7668,22.4,46.17977134,3.078651423
2008-06-03,244.66,19.6,49.29690591,3.286460394
2008-06-04,215.3008,18,54.08047717,3.605365145
2008-06-05,347.4172,18.9,57.54404215,3.836269477
2008-06-06,381.6696,21.2,60.43826912,4.029217941
2008-06-07,570.0578,22.1,62.43187971,4.162125314
2008-06-08,1343.1834,21.4,93.5558614,6.237057426
2008-06-09,3547.57,19.5,186.3999583,12.42666389
2008-06-10,3474.172,20.2,189.7056335,12.64704223
2008-06-11,2400.1146,21.2,176.6589395,11.77726264
2008-06-12,1240.4262,20.8,176.400047,11.76000313
2008-06-13,1614.756,20.9,170.0643936,11.33762624
2008-06-14,1969.513,21,166.2025587,11.08017058
2008-06-15,1257.5524,21.2,161.2448674,10.74965783
2008-06-16,733.98,21.2,159.5340064,10.63560043
2008-06-17,557.8248,20.8,159.1086664,10.60724443
2008-06-18,543.1452,21.1,143.9939817,9.599598781
2008-06-19,494.2132,21.7,127.134079,8.475605265
2008-06-20,491.7666,22.4,110.7906068,7.386040451
2008-06-21,455.0676,23.2,90.75952672,6.050635114
2008-06-22,467.3006,23.2,76.16035588,5.077357059
2008-06-23,457.5142,22.9,74.42818168,4.961878779
2008-06-24,423.2618,23.6,74.22278599,4.948185733
2008-06-25,386.5628,24,73.88113911,4.925409274
2008-06-26,423.2618,24.9,70.58950276,4.705966851
2008-06-27,325.3978,25,67.17671416,4.478447611
2008-06-28,511.3394,24.2,63.5861817,4.23907878
2008-06-29,638.5626,22.3,60.55074318,4.036716212
2008-06-30,430.6016,22.1,57.65182944,3.843455296
2008-07-01,342.524,22.6,58.55851561,3.903901041
2008-07-02,420.8152,23.3,61.08080221,4.072053481
2008-07-03,330.291,23,64.45213766,4.296809177
2008-07-04,305.825,23,57.68366549,3.8455777
2008-07-05,293.592,23.9,52.45466157,3.496977438
2008-07-06,293.592,24.4,53.57708657,3.571805771
2008-07-07,357.2036,24.8,55.04495195,3.669663464
2008-07-08,638.5626,24.5,55.39016848,3.692677899
2008-07-09,565.1646,24.4,61.0288224,4.06858816
2008-07-10,344.9706,24.8,63.04685095,4.203123397
2008-07-11,853.8634,24.1,77.18681934,5.145787956
2008-07-12,1450.8338,23.7,84.03991553,5.602661035
2008-07-13,1076.504,22.1,111.4261907,7.428412714
2008-07-14,626.3296,21.9,112.9440154,7.529601028
2008-07-15,420.8152,23.2,107.0219184,7.134794561
2008-07-16,364.5434,24.9,100.0389528,6.669263523
2008-07-17,403.689,25,102.8549453,6.856996351
2008-07-18,437.9414,25.4,106.8498434,7.123322892
2008-07-19,401.2424,26.6,110.0524022,7.336826816
2008-07-20,386.5628,26.7,113.0949745,7.539664965
2008-07-21,413.4754,27.2,109.4530412,7.296869415
2008-07-22,354.757,26.4,105.8949929,7.059666194
2008-07-23,337.6308,26,102.1569418,6.81046279
2008-07-24,269.126,25.7,97.95709073,6.530472715
2008-07-25,342.524,24.9,91.71815698,6.114543798
2008-07-26,325.3978,24.8,72.24028558,4.816019039
2008-07-27,300.9318,24.7,54.82544218,3.655029478
2008-07-28,291.1454,25.9,46.70797134,3.113864756
2008-07-29,229.9804,26.1,60.84976372,4.056650915
2008-07-30,305.825,26.2,70.03931987,4.669287991
2008-07-31,269.126,26.4,90.61030893,6.040687262
2008-08-01,283.8056,26.4,84.3753964,5.625026427
2008-08-02,261.7862,26.5,76.7864578,5.119097187
2008-08-03,234.8736,26.1,71.83519987,4.789013325
2008-08-04,359.6502,25.1,67.80363253,4.520242169
2008-08-05,391.456,25.5,64.53943738,4.302629159
2008-08-06,310.7182,25.4,64.69410224,4.31294015
2008-08-07,313.1648,24.5,64.67974051,4.3119827
2008-08-08,266.6794,24,64.91529529,4.327686353
2008-08-09,288.6988,24.7,65.67137446,4.37809163
2008-08-10,254.4464,24.2,65.87771334,4.391847556
2008-08-11,249.5532,23.5,66.90533321,4.460355547
2008-08-12,261.7862,24.1,69.23369146,4.615579431
2008-08-13,261.7862,23.8,72.08695875,4.80579725
2008-08-14,281.359,24.2,74.48997899,4.9659986
2008-08-15,259.3396,24.3,77.34143571,5.156095714
2008-08-16,259.3396,23.8,80.39104325,5.359402883
2008-08-17,256.893,23.9,82.86703413,5.524468942
2008-08-18,266.6794,24.7,82.37981636,5.491987758
2008-08-19,259.3396,25,81.49229042,5.432819361
2008-08-20,239.7668,24.6,80.53972026,5.369314684
2008-08-21,229.9804,24.6,79.38171688,5.292114458
2008-08-22,229.9804,23.9,78.61751262,5.241167508
2008-08-23,293.592,24.5,77.82146652,5.188097768
2008-08-24,266.6794,24.1,77.10750812,5.140500541
2008-08-25,254.4464,23.3,78.22438832,5.214959221
2008-08-26,239.7668,22.6,79.07369577,5.271579718
2008-08-27,239.7668,22.2,80.53972026,5.369314684
2008-08-28,251.9998,22.8,81.3376717,5.422511446
2008-08-29,269.126,23.4,82.44721803,5.496481202
2008-08-30,251.9998,23.4,82.81970859,5.521313906
2008-08-31,242.2134,24.9,78.00286854,5.200191236
2008-09-01,227.5338,25.1,73.76625363,4.917750242
2008-09-02,227.5338,25.1,69.32482998,4.621655332
2008-09-03,232.427,24.2,65.31331988,4.354221325
2008-09-04,242.2134,20.6,61.85808878,4.123872585
2008-09-05,261.7862,18.9,58.32414008,3.888276005
2008-09-06,251.9998,19.9,55.88150864,3.725433909
2008-09-07,227.5338,20,53.68329453,3.578886302
2008-09-08,239.7668,18.9,51.49411011,3.432940674
2008-09-09,239.7668,17.7,49.84483256,3.322988837
2008-09-10,215.3008,18.5,47.958159,3.1972106
2008-09-11,195.728,18.4,46.24390992,3.082927328
2008-09-12,269.126,19.3,46.12146355,3.074764237
2008-09-13,225.0872,19.5,46.068226,3.071215067
2008-09-14,325.3978,19,45.63965706,3.042643804
2008-09-15,254.4464,17.3,45.67406338,3.044937559
2008-09-16,207.961,17.1,45.74211992,3.049474661
2008-09-17,264.2328,18.8,45.72842584,3.048561723
2008-09-18,205.5144,19.6,45.32459039,3.02163936
2008-09-19,220.194,20,44.79722881,2.98648192
2008-09-20,229.9804,20.9,44.41937226,2.961291484
2008-09-21,215.3008,21.5,43.97865219,2.931910146
2008-09-22,200.6212,21.9,43.69244626,2.912829751
2008-09-23,205.5144,21.8,43.29353564,2.886235709
2008-09-24,234.8736,21.7,43.119827,2.874655134
2008-09-25,220.194,21.1,43.20089103,2.880059402
2008-09-26,205.5144,21.4,43.40043325,2.893362217
2008-09-27,222.6406,21.4,43.51555377,2.901036918
2008-09-28,207.961,19.7,43.52367992,2.901578661
2008-09-29,200.6212,18,43.47343651,2.8982291
2008-09-30,215.3008,16.2,43.46845901,2.897897267
2008-10-01,205.5144,14,33.13826184,2.209217456
2008-10-02,220.194,12.7,31.42789994,2.09519333
2008-10-03,210.4076,12.6,29.86172553,1.990781702
2008-10-04,200.6212,12.8,28.25225849,1.883483899
2008-10-05,225.0872,12.1,27.23100647,1.815400431
2008-10-06,234.8736,12.4,28.80890828,1.920593885
2008-10-07,237.3202,13.5,30.73361644,2.048907763
2008-10-08,352.3104,14.1,33.11153744,2.207435829
2008-10-09,337.6308,14.1,29.28065212,1.952043475
2008-10-10,261.7862,13.8,24.33669154,1.622446103
2008-10-11,227.5338,14.9,26.93819995,1.795879997
2008-10-12,222.6406,17,29.60241753,1.973494502
2008-10-13,168.8154,18,32.14364922,2.142909948
2008-10-14,269.126,16.9,34.44824357,2.296549572
2008-10-15,244.66,15.2,32.32583994,2.155055996
2008-10-16,244.66,13.3,30.08098995,2.00539933
2008-10-17,227.5338,12.1,28.09683221,1.873122147
2008-10-18,212.8542,11.7,28.27994937,1.885329958
2008-10-19,195.728,11.8,29.18304995,1.945536663
2008-10-20,276.4658,11.8,29.40157517,1.960105011
2008-10-21,225.0872,10.5,29.47585647,1.965057098
2008-10-22,227.5338,8.9,29.25546446,1.950364298
2008-10-23,217.7474,7.9,26.73641568,1.782427712
2008-10-24,239.7668,8.7,23.82289792,1.588193194
2008-10-25,207.961,9,22.50131996,1.500087997
2008-10-26,278.9124,8.5,26.30806662,1.753871108
2008-10-27,288.6988,6.6,28.53622876,1.902415251
2008-10-28,212.8542,5.5,28.17673788,1.878449192
2008-10-29,222.6406,5.3,28.12229665,1.874819777
2008-10-30,185.9416,5.9,27.76524995,1.851016663
2008-10-31,264.2328,8,27.68648328,1.845765552
2008-11-01,232.427,8.9,27.31627995,1.82108533
2008-11-02,210.4076,9.3,27.14702321,1.809801547
2008-11-03,215.3008,11.3,27.04023859,1.802682572
2008-11-04,207.961,13,26.93819995,1.795879997
2008-11-05,205.5144,12.9,26.83130233,1.788753489
2008-11-06,249.5532,12.7,26.58606662,1.772404441
2008-11-07,256.893,9.9,26.59612757,1.773075171
2008-11-08,271.5726,7,26.61461797,1.774307865
2008-11-09,247.1066,4.7,26.40477025,1.760318017
2008-11-10,237.3202,2.2,25.17934841,1.678623227
2008-11-11,222.6406,2.7,23.9779582,1.598530547
2008-11-12,234.8736,2.5,22.72910621,1.515273747
2008-11-13,239.7668,4.5,21.53223465,1.43548231
2008-11-14,349.8638,6,20.72169227,1.381446151
2008-11-15,266.6794,4.9,21.58351189,1.438900792
2008-11-16,259.3396,3.4,23.0414792,1.536098614
2008-11-17,254.4464,1.7,24.52066919,1.634711279
2008-11-18,178.6018,0.9,26.20016708,1.746677805
2008-11-19,298.4852,1.6,27.9686229,1.86457486
2008-11-20,225.0872,0.1,29.76866299,1.984577533
2008-11-21,200.6212,0.6,31.6469097,2.10979398
2008-11-22,195.728,1.3,34.00947744,2.267298496
2008-11-23,215.3008,1.6,36.32575448,2.421716965
2008-11-24,229.9804,1.7,37.35048291,2.490032194
2008-11-25,195.728,1.5,33.22377994,2.214918663
2008-11-26,203.0678,1.6,28.88553971,1.925702647
2008-11-27,183.495,1.7,25.38177062,1.692118041
2008-11-28,212.8542,1.7,22.19047122,1.479364748
2008-11-29,203.0678,1.9,19.36521201,1.291014134
2008-11-30,264.2328,1.4,16.96108886,1.130739257
2008-12-01,166.3688,0.2,15.18574997,1.012383331
2008-12-02,173.7086,0.5,15.55586194,1.037057463
2008-12-03,234.8736,0.4,16.18162705,1.078775137
2008-12-04,183.495,0.3,16.76154664,1.117436442
2008-12-05,149.2426,0.3,17.51719013,1.167812675
2008-12-06,215.3008,0.1,17.95879997,1.197253331
2008-12-07,168.8154,0,18.60948113,1.240632075
2008-12-08,195.728,0,19.19346747,1.279564498
2008-12-09,198.1746,0,19.95422219,1.330281479
2008-12-10,176.1552,0,20.57779163,1.371852775
2008-12-11,190.8348,0,21.29729483,1.419819656
2008-12-12,163.9222,0,22.24746862,1.483164574
2008-12-13,168.8154,0,23.034113,1.535607533
2008-12-14,225.0872,0,23.91253257,1.594168838
2008-12-15,256.893,0,24.62921138,1.641947426
2008-12-16,198.1746,0,25.49706168,1.699804112
2008-12-17,220.194,0,26.33957329,1.755971552
2008-12-18,205.5144,0,27.15199519,1.810133013
2008-12-19,205.5144,0,28.327869,1.8885246
2008-12-20,200.6212,0,29.34730726,1.956487151
2008-12-21,207.961,0,30.21303994,2.014202663
2008-12-22,190.8348,0,31.42789994,2.09519333
2008-12-23,212.8542,0,32.61483212,2.174322142
2008-12-24,210.4076,0,33.72495575,2.248330384
2008-12-25,215.3008,0,34.38702039,2.292468026
2008-12-26,215.3008,0,35.40740675,2.360493784
2008-12-27,313.1648,0,49.87776085,3.325184056
2008-12-28,506.4462,0,75.04522692,5.003015128
2008-12-29,533.3588,0,112.0365503,7.46910335
2008-12-30,374.3298,0,150.2435553,10.01623702
2008-12-31,256.893,0,106.8976189,7.126507924
2009-01-01,256.893,0,74.31522463,4.954348308
2009-01-02,251.9998,0,69.21984065,4.614656043
2009-01-03,237.3202,0,66.00321844,4.400214562
2009-01-04,239.7668,0,63.4971856,4.233145707
2009-01-05,200.6212,0,60.44669257,4.029779505
2009-01-06,220.194,0,57.66770212,3.844513474
2009-01-07,220.194,0,55.57250879,3.704833919
2009-01-08,200.6212,0,52.890856,3.526057067
2009-01-09,193.2814,0,50.58016446,3.372010964
2009-01-10,217.7474,0,48.52911677,3.235274451
2009-01-11,222.6406,0,46.87049442,3.124699628
2009-01-12,212.8542,0,45.2066344,3.013775627
2009-01-13,215.3008,0,43.77457492,2.918304995
2009-01-14,215.3008,0,42.03991811,2.802661207
2009-01-15,207.961,0,40.77703993,2.718469328
2009-01-16,210.4076,0,39.15436039,2.610290693
2009-01-17,205.5144,0,38.05555231,2.537036821
2009-01-18,215.3008,0,36.63187039,2.442124693
2009-01-19,217.7474,0,35.41313926,2.360875951
2009-01-20,220.194,0,33.92217772,2.261478514
2009-01-21,217.7474,0,32.8908359,2.192722393
2009-01-22,220.194,0,31.82698439,2.121798959
2009-01-23,212.8542,0,30.55060224,2.036706816
2009-01-24,193.2814,0,29.55245564,1.970163709
2009-01-25,183.495,0,28.61435461,1.907623641
2009-01-26,195.728,0,27.61165495,1.840776997
2009-01-27,198.1746,0,26.60562958,1.773708639
2009-01-28,205.5144,0,25.54853091,1.703235394
2009-01-29,207.961,0,24.71975995,1.647983997
2009-01-30,210.4076,0,23.91026275,1.594017516
2009-01-31,207.961,0,23.13515996,1.542343997
2009-02-01,220.194,0,22.24895774,1.483263849
2009-02-02,225.0872,0,21.47247822,1.431498548
2009-02-03,200.6212,0,20.69642191,1.379761461
2009-02-04,193.2814,0,20.45939237,1.363959491
2009-02-05,200.6212,0,25.18612191,1.679074794
2009-02-06,215.3008,0,33.77478857,2.251652572
2009-02-07,239.7668,0,44.34724074,2.956482716
2009-02-08,313.1648,0,60.9617077,4.064113847
2009-02-09,418.3686,0,96.09533316,6.406355544
2009-02-10,719.3004,0,161.5681154,10.77120769
2009-02-11,1330.9504,0,254.1962495,16.94641664
2009-02-12,1181.7078,0,351.3678254,23.4245217
2009-02-13,687.4946,0,255.0021775,17.00014516
2009-02-14,386.5628,0.1,213.686987,14.24579913
2009-02-15,288.6988,0.1,187.1976607,12.47984405
2009-02-16,249.5532,0.1,164.622333,10.9748222
2009-02-17,244.66,0.1,147.2621597,9.817477315
2009-02-18,249.5532,0.1,145.2549997,9.683666649
2009-02-19,205.5144,0.1,145.3807616,9.692050776
2009-02-20,217.7474,0.2,144.2757525,9.618383503
2009-02-21,215.3008,0,144.8948634,9.659657558
2009-02-22,203.0678,0,144.9686262,9.664575083
2009-02-23,198.1746,0,145.2223948,9.681492986
2009-02-24,207.961,0,143.6703997,9.578026649
2009-02-25,212.8542,0.1,143.4639768,9.564265117
2009-02-26,300.9318,0,164.9873493,10.99915662
2009-02-27,1005.5526,0.1,327.7153279,21.84768852
2009-02-28,1078.9506,0,313.5663486,20.90442324
2009-03-01,626.3296,0.1,268.6804839,17.91203226
2009-03-02,291.1454,0.5,224.8622853,14.99081902
2009-03-03,242.2134,0.7,209.519333,13.96795553
2009-03-04,237.3202,1.2,209.2107625,13.94738417
2009-03-05,286.2522,1.6,208.7518629,13.91679086
2009-03-06,464.854,2.4,207.9439996,13.86293331
2009-03-07,587.184,2.6,222.2401496,14.81600997
2009-03-08,1308.931,1.3,292.0402985,19.46935324
2009-03-09,1707.7268,0.5,364.0644979,24.27096653
2009-03-10,1715.0666,1.3,343.2923246,22.88615497
2009-03-11,1737.086,0.2,335.1466191,22.34310794
2009-03-12,1242.8728,0.5,316.4001175,21.09334117
2009-03-13,616.5432,1.1,279.0027852,18.60018568
2009-03-14,437.9414,2.3,245.3031616,16.3535441
2009-03-15,403.689,3.5,216.5940117,14.43960078
2009-03-16,379.223,4.8,183.0638964,12.20425976
2009-03-17,371.8832,6.5,147.0967497,9.806449982
2009-03-18,393.9026,7.7,130.5080495,8.70053663
2009-03-19,364.5434,6.8,125.3500132,8.356667546
2009-03-20,293.592,5.7,120.4736164,8.03157443
2009-03-21,335.1842,6.2,116.0112261,7.734081738
2009-03-22,347.4172,7.9,111.2939716,7.419598109
2009-03-23,298.4852,7.3,107.4583932,7.163892883
2009-03-24,406.1356,6.5,103.3171926,6.887812839
2009-03-25,1015.339,6.4,99.31432753,6.620955169
2009-03-26,1086.2904,5.9,96.67011694,6.444674463
2009-03-27,560.2714,5.7,100.7731789,6.718211924
2009-03-28,442.8346,4.8,107.6535799,7.176905328
2009-03-29,261.7862,3.7,114.9698876,7.664659176
2009-03-30,393.9026,5,106.525801,7.10172007
2009-03-31,217.7474,5.2,90.50024478,6.033349652
2009-04-01,489.32,4.8,72.73313987,4.848875991
2009-04-02,484.4268,5,63.944212,4.262947467
2009-04-03,335.1842,6.1,62.13482616,4.142321744
2009-04-04,322.9512,7,60.67897565,4.045265043
2009-04-05,376.7764,6,59.47394794,3.964929863
2009-04-06,291.1454,5.1,58.25291418,3.883527612
2009-04-07,269.126,5.9,56.97837444,3.798558296
2009-04-08,310.7182,7,55.71470226,3.714313484
2009-04-09,310.7182,8.5,54.65414321,3.643609547
2009-04-10,293.592,8.8,53.6519149,3.576794327
2009-04-11,276.4658,9.3,52.446053,3.496403533
2009-04-12,296.0386,10,53.20851065,3.547234043
2009-04-13,300.9318,8.3,53.80339665,3.58689311
2009-04-14,256.893,7.5,54.21847228,3.614564819
2009-04-15,261.7862,9.5,54.96735504,3.664490336
2009-04-16,266.6794,11.8,55.60637605,3.707091736
2009-04-17,261.7862,13.7,56.31006906,3.754004604
2009-04-18,261.7862,14.8,56.89750644,3.793167096
2009-04-19,293.592,13.8,57.4681599,3.83121066
2009-04-20,352.3104,11.4,57.86724434,3.857816289
2009-04-21,430.6016,8.9,57.14163626,3.809442417
2009-04-22,406.1356,9.5,56.25648183,3.750432122
2009-04-23,308.2716,11,55.72929196,3.715286131
2009-04-24,237.3202,13.4,59.0603834,3.937358893
2009-04-25,408.5822,15.1,64.52263461,4.301508974
2009-04-26,790.2518,11.9,70.33399987,4.688933325
2009-04-27,1100.97,13.1,76.82375542,5.121583694
2009-04-28,675.2616,12.7,85.23923173,5.682615449
2009-04-29,337.6308,12.8,94.9994491,6.333296607
2009-04-30,330.291,13.8,91.78942206,6.119294804
2009-05-01,374.3298,14.3,85.09888873,5.673259249
2009-05-02,318.058,14.4,79.4331537,5.29554358
2009-05-03,313.1648,15.2,73.65914049,4.910609366
2009-05-04,283.8056,16.7,69.28071539,4.618714359
2009-05-05,278.9124,16.6,68.44823321,4.563215547
2009-05-06,286.2522,16.5,67.61411441,4.507607627
2009-05-07,357.2036,17.7,66.42295878,4.428197252
2009-05-08,354.757,18.1,65.64251023,4.376167348
2009-05-09,631.2228,17.1,64.73520918,4.315680612
2009-05-10,748.6596,15.3,66.02499988,4.401666659
2009-05-11,442.8346,15.8,68.46172363,4.564114909
2009-05-12,296.0386,16.8,71.46415028,4.764276686
2009-05-13,322.9512,15.9,74.14807562,4.943205042
2009-05-14,650.7956,16.4,75.27842843,5.018561896
2009-05-15,648.349,16.2,74.54596213,4.969730809
2009-05-16,386.5628,16.1,73.88113911,4.925409274
2009-05-17,330.291,15.9,73.83062209,4.922041473
2009-05-18,239.7668,15.9,72.75146517,4.850097678
2009-05-19,318.058,16,72.52592294,4.83506153
2009-05-20,232.427,19.1,72.02423987,4.801615991
2009-05-21,342.524,20.1,71.19381416,4.746254277
2009-05-22,247.1066,20.7,71.03505532,4.735670354
2009-05-23,264.2328,21.1,70.00606284,4.667070856
2009-05-24,271.5726,22.5,69.40833501,4.627222334
2009-05-25,242.2134,20,69.3862726,4.625751507
2009-05-26,244.66,18.1,68.33323388,4.555548925
2009-05-27,242.2134,17,68.02575745,4.535050497
2009-05-28,264.2328,16.2,67.42864247,4.495242831
2009-05-29,271.5726,17.3,66.90057465,4.46003831
2009-05-30,266.6794,18.4,66.23337236,4.415558157
2009-05-31,232.427,19.1,66.16399988,4.410933325
2009-06-01,266.6794,20.8,65.49195401,4.366130267
2009-06-02,229.9804,19,64.76631052,4.317754035
2009-06-03,234.8736,18.9,64.72650822,4.315100548
2009-06-04,232.427,20.1,63.99003988,4.266002659
2009-06-05,225.0872,21.4,63.73421945,4.248947963
2009-06-06,242.2134,18.8,63.03720191,4.202480127
2009-06-07,244.66,16.4,62.58641789,4.172427859
2009-06-08,384.1162,16.8,62.34105721,4.156070481
2009-06-09,455.0676,18.3,61.31095688,4.087397125
2009-06-10,278.9124,20.6,61.20169989,4.080113326
2009-06-11,244.66,21.3,60.52115589,4.034743726
2009-06-12,239.7668,21.8,59.74049785,3.982699857
2009-06-13,247.1066,22.7,59.12179197,3.941452798
2009-06-14,247.1066,23.8,58.67726722,3.911817815
2009-06-15,234.8736,25.1,57.99195823,3.866130549
2009-06-16,229.9804,22.8,57.60189564,3.840126376
2009-06-17,217.7474,21.6,56.90316394,3.793544263
2009-06-18,207.961,23.8,56.6230399,3.774869326
2009-06-19,758.446,24.6,57.9316128,3.86210752
2009-06-20,702.1742,25.3,62.26134483,4.150756322
2009-06-21,374.3298,25.6,66.90533321,4.460355547
2009-06-22,313.1648,26,71.55459362,4.770306241
2009-06-23,264.2328,27.6,73.16548135,4.877698757
2009-06-24,242.2134,29.4,74.01202411,4.934134941
2009-06-25,229.9804,30,75.36964454,5.02464297
2009-06-26,222.6406,29.9,78.249057,5.2166038
2009-06-27,203.0678,28.3,81.68008419,5.445338946
2009-06-28,222.6406,26.3,84.95893831,5.66392922
2009-06-29,237.3202,23.6,86.27629675,5.751753117
2009-06-30,217.7474,21.2,81.11727626,5.407818417
2009-07-01,212.8542,19.2,75.65402515,5.043601677
2009-07-02,217.7474,18.8,71.3307392,4.755382613
2009-07-03,212.8542,20,71.52556539,4.768371026
2009-07-04,207.961,22.1,73.20851987,4.880567991
2009-07-05,207.961,23.4,74.47619986,4.965079991
2009-07-06,205.5144,24.3,75.68351415,5.04556761
2009-07-07,205.5144,24.3,73.86625463,4.924416975
2009-07-08,203.0678,23,72.91705529,4.861137019
2009-07-09,185.9416,22.1,71.71704987,4.781136658
2009-07-10,217.7474,23.6,70.72538639,4.715025759
2009-07-11,239.7668,24.6,69.17803049,4.611868699
2009-07-12,205.5144,24.6,67.13170464,4.475446976
2009-07-13,195.728,25.5,64.31495238,4.287663492
2009-07-14,178.6018,24.4,61.87175605,4.124783737
2009-07-15,203.0678,23.7,60.04297579,4.002865053
2009-07-16,193.2814,24,57.96827838,3.864551892
2009-07-17,198.1746,21.6,55.31753817,3.687835878
2009-07-18,193.2814,19.3,52.39877712,3.493251808
2009-07-19,193.2814,19.6,49.44353156,3.296235437
2009-07-20,183.495,20.9,47.53095725,3.168730483
2009-07-21,185.9416,21.7,49.62299991,3.308199994
2009-07-22,210.4076,21.3,52.10140223,3.473426815
2009-07-23,217.7474,23,55.18799765,3.679199843
2009-07-24,166.3688,22.7,58.63019989,3.908679993
2009-07-25,239.7668,22.1,61.20652234,4.080434823
2009-07-26,203.0678,23,64.37039747,4.291359832
2009-07-27,168.8154,23.7,68.19138538,4.546092359
2009-07-28,215.3008,24.3,71.42704532,4.761803022
2009-07-29,183.495,24,74.70860786,4.980573858
2009-07-30,198.1746,23.6,76.93461221,5.128974147
2009-07-31,171.262,22.9,79.40355128,5.293570086
2009-08-01,217.7474,23.4,85.85920659,5.723947106
2009-08-02,129.6698,21.9,90.97995832,6.065330555
2009-08-03,239.7668,23.3,98.04038758,6.536025838
2009-08-04,193.2814,24.8,104.0019112,6.933460747
2009-08-05,173.7086,23.8,107.8792702,7.191951348
2009-08-06,183.495,24,109.0697785,7.271318565
2009-08-07,163.9222,23.4,112.4435311,7.496235409
2009-08-08,247.1066,22.4,114.6873859,7.645825729
2009-08-09,281.359,24.9,98.38299113,6.558866075
2009-08-10,239.7668,24.8,81.63923863,5.442615908
2009-08-11,203.0678,25.8,77.35266251,5.156844167
2009-08-12,181.0484,25.4,74.7474377,4.983162513
2009-08-13,159.029,26.5,76.94655063,5.129770042
2009-08-14,171.262,26.3,81.84081699,5.456054466
2009-08-15,173.7086,26.6,85.6204759,5.708031727
2009-08-16,161.4756,25.8,90.47425741,6.031617161
2009-08-17,215.3008,24.7,94.4877771,6.29918514
2009-08-18,181.0484,24.3,100.350862,6.690057465
2009-08-19,171.262,23.4,104.1610398,6.944069321
2009-08-20,149.2426,22.7,102.0118719,6.800791463
2009-08-21,254.4464,20.9,98.42803828,6.561869219
2009-08-22,181.0484,20.4,96.10384847,6.406923232
2009-08-23,171.262,20.6,93.0009284,6.200061893
2009-08-24,132.1164,21.8,90.12657021,6.008438014
2009-08-25,229.9804,22.2,88.07454027,5.871636018
2009-08-26,193.2814,22.6,85.36113149,5.690742099
2009-08-27,185.9416,20.9,86.13134984,5.74208999
2009-08-28,166.3688,20.1,85.56839984,5.70455999
2009-08-29,210.4076,19.8,86.45282775,5.76352185
2009-08-30,166.3688,18.1,86.36069984,5.75737999
2009-08-31,176.1552,18.2,85.8031554,5.72021036
2009-09-01,173.7086,19,83.3440083,5.55626722
2009-09-02,173.7086,19.9,80.43518859,5.362345906
2009-09-03,173.7086,21.1,77.27342803,5.151561869
2009-09-04,168.8154,21.8,75.21874189,5.014582793
2009-09-05,163.9222,22.3,73.97953419,4.931968946
2009-09-06,163.9222,22.4,72.10324166,4.806882777
2009-09-07,171.262,22.7,69.65448844,4.643632563
2009-09-08,166.3688,22.5,67.74164988,4.516109992
2009-09-09,166.3688,22.1,66.28909988,4.419273325
2009-09-10,161.4756,22.6,63.12790292,4.208526861
2009-09-11,166.3688,23.2,60.34684989,4.023123326
2009-09-12,171.262,23.2,60.8033656,4.053557707
2009-09-13,163.9222,22.7,61.11352825,4.074235216
2009-09-14,166.3688,23.3,61.00709989,4.067139993
2009-09-15,163.9222,23.7,57.49496407,3.832997605
2009-09-16,163.9222,22.1,54.81454617,3.654303078
2009-09-17,163.9222,20.5,51.33000289,3.422000193
2009-09-18,168.8154,20.9,49.19149556,3.279433038
2009-09-19,154.1358,20.9,48.88784436,3.259189624
2009-09-20,166.3688,20.7,48.33029991,3.222019994
2009-09-21,154.1358,20.2,48.46025388,3.230683592
2009-09-22,403.689,19.8,50.1757987,3.345053246
2009-09-23,704.6208,20,49.57377074,3.30491805
2009-09-24,403.689,20.4,62.58369686,4.172246457
2009-09-25,244.66,20,73.09231587,4.872821058
2009-09-26,222.6406,19.3,80.71592513,5.381061675
2009-09-27,210.4076,19.3,83.11165566,5.540777044
2009-09-28,249.5532,16.4,66.72926655,4.44861777
2009-09-29,239.7668,13.3,54.33453255,3.62230217
2009-09-30,190.8348,13.5,44.32139736,2.954759824
2009-10-01,225.0872,12.7,55.34043251,3.689362167
2009-10-02,229.9804,12.3,53.20772118,3.547181412
2009-10-03,256.893,11.9,50.71223038,3.380815359
2009-10-04,217.7474,11.6,47.31841115,3.154560743
2009-10-05,229.9804,11.9,44.32384673,2.954923115
2009-10-06,146.796,12.2,41.75420992,2.783613995
2009-10-07,276.4658,11.3,39.49346718,2.632897812
2009-10-08,271.5726,11.3,37.37371885,2.491581257
2009-10-09,198.1746,10.2,35.36331598,2.357554399
2009-10-10,200.6212,8.4,33.17997799,2.211998533
2009-10-11,205.5144,7.1,31.32100232,2.088066822
2009-10-12,203.0678,7.2,29.85920958,1.990613972
2009-10-13,195.728,6.7,28.39735245,1.89315683
2009-10-14,220.194,6.5,26.93819995,1.795879997
2009-10-15,193.2814,6.1,27.50651641,1.83376776
2009-10-16,183.495,6.2,28.61435461,1.907623641
2009-10-17,193.2814,6.7,29.89344552,1.992896368
2009-10-18,129.6698,7,30.8349207,2.05566138
2009-10-19,254.4464,8.3,31.94594225,2.129729483
2009-10-20,210.4076,9.4,33.09848599,2.206565732
2009-10-21,129.6698,10,33.88452824,2.258968549
2009-10-22,364.5434,10.4,35.25469121,2.350312747
2009-10-23,274.0192,7.8,36.63915886,2.442610591
2009-10-24,433.0482,7.8,38.04830502,2.536553668
2009-10-25,327.8444,8.9,39.40214321,2.626809547
2009-10-26,256.893,9.5,40.53557707,2.702371805
2009-10-27,271.5726,9.2,42.14655308,2.809770205
2009-10-28,229.9804,9.6,43.75069354,2.916712902
2009-10-29,229.9804,10.1,45.18357651,3.012238434
2009-10-30,195.728,11.1,47.02960741,3.135307161
2009-10-31,702.1742,8.7,48.49501733,3.233001156
2009-11-01,300.9318,7.4,48.83917552,3.255945035
2009-11-02,283.8056,7.7,51.78636715,3.452424476
2009-11-03,217.7474,6.9,52.56480215,3.504320143
2009-11-04,251.9998,6.8,53.09179214,3.539452809
2009-11-05,237.3202,6.6,53.41354423,3.560902949
2009-11-06,166.3688,7.2,52.8199999,3.521333327
2009-11-07,296.0386,8.9,48.16223628,3.210815752
2009-11-08,190.8348,9.7,43.8609153,2.92406102
2009-11-09,264.2328,10.9,39.49273141,2.632848761
2009-11-10,232.427,9.8,35.82307993,2.388205329
2009-11-11,222.6406,8.5,34.43747906,2.295831937
2009-11-12,200.6212,7.4,32.74195848,2.182797232
2009-11-13,237.3202,6.9,31.56675664,2.104450443
2009-11-14,274.0192,7.5,30.70634102,2.047089401
2009-11-15,232.427,6.7,30.15187995,2.01012533
2009-11-16,249.5532,5.3,29.40313328,1.960208885
2009-11-17,227.5338,4.4,28.67614833,1.911743222
2009-11-18,193.2814,4.8,28.07483286,1.871655524
2009-11-19,205.5144,5.4,27.25889281,1.817259521
2009-11-20,234.8736,6.5,26.18991662,1.745994441
2009-11-21,227.5338,6.6,25.29680426,1.686453617
2009-11-22,220.194,7.1,24.54369329,1.636246219
2009-11-23,220.194,6.9,23.64575329,1.576383553
2009-11-24,232.427,7,22.96835996,1.531223997
2009-11-25,229.9804,7.2,22.16192336,1.477461558
2009-11-26,349.8638,5.2,21.41241535,1.427494356
2009-11-27,308.2716,3.7,20.88066822,1.392044548
2009-11-28,276.4658,3.7,20.81949377,1.387966251
2009-11-29,256.893,3.6,20.8664152,1.391094347
2009-11-30,161.4756,3.2,20.9519333,1.396795553
2009-12-01,264.2328,3.2,20.9519333,1.396795553
2009-12-02,274.0192,3.1,20.92520889,1.395013926
2009-12-03,183.495,1.7,21.07165863,1.404777242
2009-12-04,178.6018,0.5,21.15694243,1.410462828
2009-12-05,232.427,0.6,21.17247996,1.411498664
2009-12-06,220.194,1.6,21.45078885,1.43005259
2009-12-07,198.1746,1.7,21.50621724,1.433747816
2009-12-08,210.4076,1.1,21.82203019,1.454802013
2009-12-09,173.7086,0.5,21.75291264,1.450194176
2009-12-10,215.3008,0.3,22.04034541,1.469356361
2009-12-11,193.2814,0.2,22.16434173,1.477622782
2009-12-12,183.495,0.2,22.26891196,1.484594131
2009-12-13,200.6212,0.1,22.44849996,1.496566664
2009-12-14,200.6212,0,22.55800484,1.503866989
2009-12-15,181.0484,0,22.69118645,1.512745763
2009-12-16,163.9222,0,23.05159399,1.536772933
2009-12-17,188.3882,0,22.97327009,1.531551339
2009-12-18,188.3882,0,23.32311684,1.554874456
2009-12-19,190.8348,0,23.25434355,1.55028957
2009-12-20,183.495,0,23.58589062,1.572392708
2009-12-21,188.3882,0,23.55634801,1.570423201
2009-12-22,195.728,0,23.79540996,1.586360664
2009-12-23,200.6212,0,24.09107313,1.606071542
2009-12-24,210.4076,0,24.43232089,1.628821392
2009-12-25,340.0774,0,27.13199995,1.808799997
2009-12-26,508.8928,0,30.08962398,2.005974932
2009-12-27,420.8152,0,28.76540344,1.917693562
2009-12-28,325.3978,0,26.33057138,1.755371425
2009-12-29,247.1066,0,25.33791084,1.689194056
2009-12-30,244.66,0,25.14231995,1.676154664
2009-12-31,239.7668,0,25.10566934,1.673711289
2010-01-01,234.8736,0,25.06749162,1.671166108
2010-01-02,229.9804,0,25.02768932,1.668512621
2010-01-03,220.194,0,24.94277773,1.662851849
2010-01-04,215.3008,0,24.89742723,1.659828482
2010-01-05,210.4076,0,24.95437902,1.663625268
2010-01-06,205.5144,0,24.69334996,1.64622333
2010-01-07,212.8542,0,24.97718156,1.665145438
2010-01-08,225.0872,0,24.8885543,1.659236954
2010-01-09,220.194,0,24.6434644,1.642897627
2010-01-10,210.4076,0,24.74555577,1.649703718
2010-01-11,220.194,0,24.6434644,1.642897627
2010-01-12,215.3008,0,24.59131132,1.639420755
2010-01-13,210.4076,0,24.53673251,1.635782168
2010-01-14,205.5144,0,24.47955472,1.631970314
2010-01-15,215.3008,0,24.48927268,1.632618179
2010-01-16,225.0872,0,24.40054343,1.626702896
2010-01-17,220.194,0,24.44392218,1.629594812
2010-01-18,210.4076,0,24.32790926,1.621860617
2010-01-19,220.194,0,24.34415107,1.622943404
2010-01-20,220.194,0,24.24437996,1.616291997
2010-01-21,215.3008,0,24.28519541,1.619013027
2010-01-22,200.6212,0,24.31008288,1.620672192
2010-01-23,207.961,0,24.19155996,1.612770664
2010-01-24,234.8736,0,24.31920829,1.621280553
2010-01-25,225.0872,0,24.40054343,1.626702896
2010-01-26,220.194,0,24.34415107,1.622943404
2010-01-27,220.194,0,24.44392218,1.629594812
2010-01-28,215.3008,0,24.48927268,1.632618179
2010-01-29,212.8542,0,24.56433559,1.637622372
2010-01-30,207.961,0,24.40283996,1.626855997
2010-01-31,203.0678,0,24.66630357,1.644420238
2010-02-01,198.1746,0,24.61020736,1.640680491
2010-02-02,203.0678,0,24.55811803,1.637207869
2010-02-03,212.8542,0,24.66754708,1.644503139
2010-02-04,205.5144,0,24.69334996,1.64622333
2010-02-05,212.8542,0,24.66754708,1.644503139
2010-02-06,205.5144,0,24.80024757,1.653349838
2010-02-07,200.6212,0,24.74810239,1.649873493
2010-02-08,205.5144,0,24.58645234,1.639096822
2010-02-09,207.961,0,24.93103995,1.66206933
2010-02-10,195.728,0,24.91783495,1.661188997
2010-02-11,198.1746,0,24.72106415,1.648070944
2010-02-12,193.2814,0,24.77859742,1.651906495
2010-02-13,198.1746,0,24.72106415,1.648070944
2010-02-14,200.6212,0,25.07661703,1.671774469
2010-02-15,207.961,0,25.03667995,1.669111997
2010-02-16,203.0678,0,24.9908602,1.666057346
2010-02-17,193.2814,0,25.00592401,1.6670616
2010-02-18,188.3882,0.2,25.18896619,1.679264413
2010-02-19,183.495,0.4,24.90286929,1.660191286
2010-02-20,181.0484,0.7,25.11805131,1.674536754
2010-02-21,185.9416,1.3,25.04779995,1.66985333
2010-02-22,183.495,1.2,25.02259462,1.668172975
2010-02-23,185.9416,1.7,25.16594995,1.677729997
2010-02-24,185.9416,0.6,25.28409995,1.685606664
2010-02-25,168.8154,0.8,25.37656517,1.691771011
2010-02-26,176.1552,0.6,25.69106106,1.712737404
2010-02-27,181.0484,1.3,25.84611076,1.723074051
2010-02-28,178.6018,1.8,26.32317255,1.75487817
2010-03-01,176.1552,2.7,26.31463051,1.754308701
2010-03-02,176.1552,1.9,26.68877217,1.779251478
2010-03-03,168.8154,2,27.06833618,1.804555746
2010-03-04,171.262,2.3,27.32303138,1.821535425
2010-03-05,173.7086,2.4,27.44408164,1.829605443
2010-03-06,173.7086,2.5,27.94996333,1.863330889
2010-03-07,183.495,2.8,28.73407995,1.91560533
2010-03-08,193.2814,3.1,32.16671133,2.144447422
2010-03-09,244.66,3.5,35.91759993,2.394506662
2010-03-10,393.9026,3.9,45.45472663,3.030315108
2010-03-11,638.5626,2.9,81.53708031,5.435805354
2010-03-12,787.8052,2.8,103.4583042,6.897220277
2010-03-13,812.2712,2.2,110.6197167,7.374647778
2010-03-14,604.3102,3.5,85.79507677,5.719671784
2010-03-15,408.5822,5.7,76.88947291,5.125964861
2010-03-16,320.5046,7,68.20231285,4.546820857
2010-03-17,276.4658,7.9,67.94147775,4.52943185
2010-03-18,242.2134,8.8,67.84435543,4.522957029
2010-03-19,274.0192,9.3,60.04973739,4.003315826
2010-03-20,234.8736,6,46.76770825,3.117847217
2010-03-21,237.3202,6.4,38.32444941,2.554963294
2010-03-22,227.5338,8.1,37.36589025,2.49105935
2010-03-23,215.3008,9.3,37.14206357,2.476137571
2010-03-24,212.8542,10.3,37.15613786,2.477075858
2010-03-25,232.427,9.3,37.61895993,2.507930662
2010-03-26,166.3688,6.6,37.76629993,2.517753329
2010-03-27,222.6406,6.5,38.38446806,2.558964537
2010-03-28,203.0678,7.3,37.75675415,2.517116943
2010-03-29,181.0484,8.3,30.21446751,2.014297834
2010-03-30,129.6698,9.3,31.85145655,2.123430436
2010-03-31,261.7862,11.9,35.66584106,2.377722737
2010-04-01,161.4756,14.9,39.45493932,2.630329288
2010-04-02,163.9222,16.3,44.49493723,2.966329149
2010-04-03,210.4076,14.9,48.23817201,3.215878134
2010-04-04,222.6406,13,52.39627903,3.493085268
2010-04-05,215.3008,13.5,73.97801123,4.931867415
2010-04-06,337.6308,13.1,94.34876794,6.289917863
2010-04-07,457.5142,10.4,65.30472715,4.353648477
2010-04-08,501.553,7.1,55.19045844,3.679363896
2010-04-09,442.8346,7,54.07483968,3.604989312
2010-04-10,300.9318,10.1,57.59956575,3.83997105
2010-04-11,264.2328,12.4,61.608661,4.107244067
2010-04-12,249.5532,12.8,66.72926655,4.44861777
2010-04-13,234.8736,12.6,70.05802696,4.67053513
2010-04-14,203.0678,13.6,66.85866494,4.457244329
2010-04-15,185.9416,16.7,64.15544988,4.277029992
2010-04-16,283.8056,16.9,62.1591223,4.143941487
2010-04-17,215.3008,14.3,59.99871807,3.999914538
2010-04-18,212.8542,14,58.41770564,3.894513709
2010-04-19,212.8542,15,57.3855907,3.825706047
2010-04-20,207.961,15.7,58.31327989,3.887551993
2010-04-21,225.0872,17.1,59.63492815,3.975661877
2010-04-22,193.2814,15.4,61.15085052,4.076723368
2010-04-23,207.961,15.2,62.11631989,4.141087992
2010-04-24,259.3396,13.3,63.53349045,4.23556603
2010-04-25,227.5338,11,61.31095688,4.087397125
2010-04-26,232.427,11.6,55.3887199,3.692581327
2010-04-27,200.6212,13.2,52.34333161,3.489555441
2010-04-28,198.1746,14.2,54.54154064,3.636102709
2010-04-29,149.2426,15.4,57.9980917,3.866539447
2010-04-30,203.0678,17,60.47571796,4.031714531
2010-05-01,225.0872,17.7,63.05100423,4.203400282
2010-05-02,207.961,18.1,64.44039988,4.296026659
2010-05-03,232.427,17.9,65.88043988,4.392029325
2010-05-04,134.563,17.7,68.08017806,4.538678537
2010-05-05,225.0872,18.4,69.39514553,4.626343035
2010-05-06,259.3396,16.4,69.46328289,4.630885526
2010-05-07,176.1552,13.8,67.22078599,4.481385733
2010-05-08,227.5338,11.1,65.36616977,4.357744652
2010-05-09,203.0678,11.2,63.3967276,4.226448506
2010-05-10,217.7474,12.7,61.7459864,4.116399094
2010-05-11,217.7474,10.3,57.81119315,3.854079544
2010-05-12,266.6794,9.2,47.53315404,3.168876936
2010-05-13,418.3686,9.8,40.74862215,2.71657481
2010-05-14,543.1452,12.3,44.49252244,2.966168163
2010-05-15,327.8444,14.9,50.12381483,3.341587656
2010-05-16,247.1066,15.5,55.03216426,3.66881095
2010-05-17,225.0872,16.3,60.12293902,4.008195935
2010-05-18,225.0872,17.7,64.90544553,4.327029702
2010-05-19,225.0872,19.5,62.95340206,4.196893471
2010-05-20,203.0678,21,61.3412023,4.089413487
2010-05-21,239.7668,19.3,59.37399173,3.958266115
2010-05-22,210.4076,20.3,57.11316036,3.807544024
2010-05-23,217.7474,22.9,55.49067406,3.69937827
2010-05-24,212.8542,26,53.66997691,3.577998461
2010-05-25,220.194,26.5,52.28006213,3.485337475
2010-05-26,391.456,26.6,50.90197366,3.39346491
2010-05-27,242.2134,26.8,51.97167869,3.46477858
2010-05-28,215.3008,26.2,53.46824536,3.56454969
2010-05-29,200.6212,26.6,55.40946819,3.693964546
2010-05-30,188.3882,27.2,57.72471418,3.848314279
2010-05-31,207.961,27.3,58.73583989,3.91572266
2010-06-01,173.7086,25.7,61.59109566,4.106073044
2010-06-02,229.9804,25.8,63.52447861,4.234965241
2010-06-03,291.1454,24.1,64.44039988,4.296026659
2010-06-04,225.0872,23.1,61.97738032,4.131825355
2010-06-05,305.825,23,59.26403989,3.950935993
2010-06-06,425.7084,21.6,55.21814932,3.681209955
2010-06-07,347.4172,21.8,53.49698863,3.566465909
2010-06-08,308.2716,19.8,55.15917133,3.677278089
2010-06-09,347.4172,20.3,57.16463088,3.810975392
2010-06-10,296.0386,21.4,58.70004452,3.913336301
2010-06-11,215.3008,21.2,59.7946408,3.986309387
2010-06-12,261.7862,23.3,60.67388961,4.044925974
2010-06-13,210.4076,22.5,62.22933012,4.148622008
2010-06-14,222.6406,22,62.65845044,4.177230029
2010-06-15,220.194,20.8,64.25259544,4.283506363
2010-06-16,327.8444,21.8,64.46405063,4.297603375
2010-06-17,247.1066,24.3,62.67798998,4.178532666
2010-06-18,205.5144,25,60.50405227,4.033603485
2010-06-19,298.4852,24.6,58.21889662,3.881259774
2010-06-20,220.194,25,52.87868879,3.52524592
2010-06-21,173.7086,25.1,46.66758583,3.111172389
2010-06-22,447.7278,26,40.48090157,2.698726771
2010-06-23,738.8732,26.4,57.08757605,3.805838404
2010-06-24,1152.3486,25.1,89.79399984,5.986266656
2010-06-25,599.417,25.4,112.5173794,7.501158626
2010-06-26,469.7472,26,113.645531,7.576368736
2010-06-27,391.456,26.4,110.5588623,7.37059082
2010-06-28,494.2132,25.6,107.1304652,7.14203101
2010-06-29,364.5434,24.8,104.2574629,6.950497526
2010-06-30,286.2522,25,101.3060511,6.75373674
2010-07-01,247.1066,25.3,97.79544537,6.519696358
2010-07-02,229.9804,25,95.33448068,6.355632045
2010-07-03,247.1066,24.8,93.35019785,6.223346523
2010-07-04,178.6018,25.7,89.54798888,5.969865925
2010-07-05,298.4852,25.3,87.58595066,5.839063377
2010-07-06,271.5726,25.5,84.13131516,5.608754344
2010-07-07,249.5532,26.8,82.22313318,5.481542212
2010-07-08,310.7182,27.1,82.72360615,5.514907077
2010-07-09,256.893,26.9,83.5511789,5.570078593
2010-07-10,237.3202,27.4,83.684305,5.578953667
2010-07-11,237.3202,27.1,83.1288782,5.541925213
2010-07-12,242.2134,25.6,79.18198167,5.278798778
2010-07-13,227.5338,26.1,75.02143857,5.001429238
2010-07-14,203.0678,26.8,70.1042312,4.673615413
2010-07-15,535.8054,26.8,66.42295878,4.428197252
2010-07-16,836.7372,26.8,66.95166654,4.463444436
2010-07-17,596.9704,26.7,79.48977035,5.299318023
2010-07-18,315.6114,28.1,98.14693005,6.54312867
2010-07-19,283.8056,28.5,109.9202412,7.328016079
2010-07-20,278.9124,28,114.2116665,7.614111097
2010-07-21,247.1066,27.6,120.0216829,8.00144553
2010-07-22,428.155,26.7,127.2509255,8.483395032
2010-07-23,1803.1442,24.7,132.8025235,8.853501567
2010-07-24,2020.8916,24.5,139.1480869,9.276539128
2010-07-25,1323.6106,25.5,139.919301,9.327953403
2010-07-26,548.0384,26.1,133.8892676,8.925951174
2010-07-27,332.7376,26,128.7487498,8.583249984
2010-07-28,418.3686,26.7,122.8759998,8.191733318
2010-07-29,327.8444,26.6,117.9383878,7.86255919
2010-07-30,315.6114,26.1,112.7645579,7.517637196
2010-07-31,303.3784,25.1,109.3459192,7.289727944
2010-08-01,274.0192,25.1,104.2251784,6.948345225
2010-08-02,269.126,25.7,101.2223271,6.748155139
2010-08-03,276.4658,25.8,98.53500867,6.569000578
2010-08-04,264.2328,27,95.61398131,6.37426542
2010-08-05,259.3396,27,91.48822625,6.099215083
2010-08-06,251.9998,25.8,89.79399984,5.986266656
2010-08-07,207.961,25.8,86.51915984,5.767943989
2010-08-08,288.6988,25.5,83.70627103,5.580418069
2010-08-09,398.7958,25.8,80.97986488,5.398657659
2010-08-10,418.3686,27.2,79.29177763,5.286118509
2010-08-11,298.4852,27.7,71.46719167,4.764479445
2010-08-12,249.5532,28,66.46516655,4.431011103
2010-08-13,274.0192,27.6,63.73770524,4.249180349
2010-08-14,415.922,25.5,62.32759989,4.155173326
2010-08-15,359.6502,25.9,60.29025703,4.019350469
2010-08-16,327.8444,24.5,58.29908945,3.886605963
2010-08-17,291.1454,23.9,56.5173999,3.76782666
2010-08-18,264.2328,23,54.87411101,3.658274067
2010-08-19,269.126,23.7,53.30498354,3.553665569
2010-08-20,261.7862,24.9,51.44273075,3.429515383
2010-08-21,283.8056,25.1,49.85115163,3.323410109
2010-08-22,259.3396,25.5,48.62429802,3.241619868
2010-08-23,242.2134,26.7,47.07382416,3.138254944
2010-08-24,254.4464,25.5,48.09159414,3.206106276
2010-08-25,261.7862,24.2,44.22564291,2.948376194
2010-08-26,229.9804,22.7,42.69991269,2.846660846
2010-08-27,222.6406,23,41.54205927,2.769470618
2010-08-28,251.9998,23.9,40.71242517,2.714161678
2010-08-29,225.0872,24.3,41.18811732,2.745874488
2010-08-30,207.961,25.3,42.36163992,2.824109328
2010-08-31,281.359,24.9,43.17920166,2.878613444
2010-09-01,371.8832,24.2,44.30624992,2.953749995
2010-09-02,318.058,24.1,45.38050607,3.025367071
2010-09-03,408.5822,21.9,46.29499033,3.086332689
2010-09-04,406.1356,18.8,46.89843244,3.126562163
2010-09-05,308.2716,18.6,46.46483166,3.097655444
2010-09-06,239.7668,18.9,46.17977134,3.078651423
2010-09-07,322.9512,18.2,45.98541204,3.065694136
2010-09-08,320.5046,16.9,45.85663045,3.057108697
2010-09-09,259.3396,17.4,45.57469048,3.038312699
2010-09-10,249.5532,17.8,45.07306658,3.004871106
2010-09-11,242.2134,18.3,44.62489689,2.974993126
2010-09-12,249.5532,18.2,44.54486659,2.969657772
2010-09-13,244.66,19.5,43.99905992,2.933270661
2010-09-14,237.3202,19.4,43.97128858,2.931419239
2010-09-15,227.5338,20,41.13144509,2.742096339
2010-09-16,232.427,19.6,39.13127993,2.608751995
2010-09-17,225.0872,18.9,39.23607384,2.615738256
2010-09-18,222.6406,19.5,39.27254059,2.618169373
2010-09-19,239.7668,17.7,39.39940809,2.626627206
2010-09-20,217.7474,17,39.44882465,2.629921643
2010-09-21,237.3202,18.3,39.34273189,2.622848792
2010-09-22,220.194,19.1,39.2100466,2.614003106
2010-09-23,85.631,20.2,39.25280564,2.61685371
2010-09-24,335.1842,19.7,39.26029628,2.617353085
2010-09-25,274.0192,17.1,39.20470171,2.613646781
2010-09-26,227.5338,16.2,39.49004939,2.632669959
2010-09-27,234.8736,15.5,39.19133951,2.612755967
2010-09-28,239.7668,16.4,39.30778156,2.620518771
2010-09-29,229.9804,16.7,39.16546801,2.611031201
2010-09-30,242.2134,17.7,39.00143427,2.600095618
2010-10-01,261.7862,16.9,25.51156631,1.700771087
2010-10-02,225.0872,15.1,40.11449341,2.67429956
2010-10-03,220.194,13.4,39.70890215,2.647260143
2010-10-04,229.9804,13,39.54757014,2.636504676
2010-10-05,232.427,13.2,39.13127993,2.608751995
2010-10-06,237.3202,13.8,38.69473395,2.57964893
2010-10-07,227.5338,14.6,38.6210752,2.574738347
2010-10-08,217.7474,15.1,38.1372269,2.542481793
2010-10-09,220.194,16.6,37.91302215,2.52753481
2010-10-10,210.4076,17.7,37.79700923,2.519800616
2010-10-11,220.194,18.4,37.51393771,2.500929181
2010-10-12,222.6406,18,37.29904609,2.486603072
2010-10-13,212.8542,17.5,37.15613786,2.477075858
2010-10-14,220.194,15.2,37.11485327,2.474323551
2010-10-15,212.8542,13.8,37.46577235,2.497718156
2010-10-16,205.5144,13.4,37.52106422,2.501404281
2010-10-17,227.5338,13.3,37.36589025,2.49105935
2010-10-18,212.8542,13.1,37.25934936,2.483956624
2010-10-19,207.961,12.2,37.18527993,2.479018662
2010-10-20,220.194,11.6,37.31439549,2.487626366
2010-10-21,207.961,11,37.50219993,2.500146662
2010-10-22,161.4756,10.1,37.4141666,2.494277773
2010-10-23,200.6212,11.1,37.12215359,2.474810239
2010-10-24,298.4852,12.6,37.46323436,2.497548957
2010-10-25,293.592,13.4,37.1896816,2.479312107
2010-10-26,11.49902,13.9,37.44600844,2.496400563
2010-10-27,425.7084,9.5,44.53575969,2.969050646
2010-10-28,496.6598,7.2,50.4261871,3.361745807
2010-10-29,181.0484,6.1,36.88834588,2.459223059
2010-10-30,293.592,6.8,35.99242827,2.399495218
2010-10-31,203.0678,6.9,35.48485777,2.365657184
2010-11-01,203.0678,6.5,34.61937343,2.307958229
2010-11-02,176.1552,6.5,34.17160549,2.278107033
2010-11-03,215.3008,7.2,33.16255676,2.210837117
2010-11-04,229.9804,6.9,32.57420632,2.171613755
2010-11-05,173.7086,5,31.49113515,2.09940901
2010-11-06,132.1164,4.2,30.92904439,2.061936293
2010-11-07,261.7862,4.6,29.79146724,1.986097816
2010-11-08,198.1746,6.2,28.93362217,1.928908145
2010-11-09,190.8348,7.6,28.20452559,1.880301706
2010-11-10,173.7086,8.8,27.1911408,1.81274272
2010-11-11,207.961,9.7,26.40999995,1.760666663
2010-11-12,247.1066,8.8,25.69353065,1.712902043
2010-11-13,216.5275592,7.2,23.24079996,1.549386664
2010-11-14,325.3978,5.4,24.64271424,1.642847616
2010-11-15,234.8736,4.3,24.31920829,1.621280553
2010-11-16,222.6406,5.1,23.68193402,1.578795602
2010-11-17,203.0678,5.5,23.36807707,1.557871804
2010-11-18,185.9416,4,23.03924996,1.535949997
2010-11-19,185.9416,2.9,22.33034996,1.488689997
2010-11-20,244.66,1.9,22.17911796,1.478607864
2010-11-21,139.4562,2.5,21.73959996,1.449306664
2010-11-22,178.6018,5.3,21.52595886,1.435063924
2010-11-23,264.2328,3,20.9519333,1.396795553
2010-11-24,185.9416,0.7,20.67624996,1.378416664
2010-11-25,176.1552,1,20.32836385,1.355224257
2010-11-26,271.5726,0.4,19.81939636,1.321293091
2010-11-27,203.0678,1.3,19.5815831,1.305438873
2010-11-28,161.4756,2.5,19.31931512,1.287954341
2010-11-29,205.5144,2.7,18.81398092,1.254265395
2010-11-30,181.0484,1.6,18.44417294,1.229611529
2010-12-01,237.3202,0.2,18.42165564,1.228110376
2010-12-02,193.2814,0.7,18.18612655,1.212408437
2010-12-03,181.0484,1.1,18.08014321,1.205342881
2010-12-04,188.3882,1,17.84218438,1.189478959
2010-12-05,181.0484,0.9,17.83745672,1.189163782
2010-12-06,161.4756,0.4,17.68669694,1.179113129
2010-12-07,156.5824,0.3,17.53789059,1.169192706
2010-12-08,168.8154,0.3,17.43825504,1.162550336
2010-12-09,154.1358,0.2,17.24614917,1.149743278
2010-12-10,178.6018,0.1,16.97475613,1.131650409
2010-12-11,193.2814,0,16.93583035,1.129055357
2010-12-12,151.6892,0,16.80016771,1.120011181
2010-12-13,149.2426,0,16.63397046,1.108931364
2010-12-14,188.3882,0,16.44279737,1.096186492
2010-12-15,178.6018,0,16.35972874,1.090648582
2010-12-16,181.0484,0,16.13865132,1.075910088
2010-12-17,178.6018,0,16.11371778,1.074247852
2010-12-18,178.6018,0,15.9907123,1.066047487
2010-12-19,178.6018,0,15.74470134,1.049646756
2010-12-20,173.7086,0,15.80880279,1.053920186
2010-12-21,183.495,0,15.5642933,1.037619554
2010-12-22,195.728,0,15.37722247,1.025148165
2010-12-23,190.8348,0,15.42614869,1.028409913
2010-12-24,195.728,0,15.26497997,1.017665331
2010-12-25,198.1746,0,15.07652343,1.005101562
2010-12-26,193.2814,0,15.0035544,1.00023696
2010-12-27,185.9416,0,14.76874997,0.984583332
2010-12-28,188.3882,0,14.69356361,0.979570907
2010-12-29,190.8348,0,14.73542561,0.982361708
2010-12-30,212.8542,0,21.88083674,1.458722449
2010-12-31,315.6114,0,39.39798753,2.626532502
