time,flow
2007-01-01,264.96678
2007-01-02,99.062834
2007-01-03,116.70282
2007-01-04,184.155582
2007-01-05,212.878666
2007-01-06,126.538152
2007-01-07,109.216224
2007-01-08,160.570358
2007-01-09,131.13776
2007-01-10,71.93004
2007-01-11,167.34744
2007-01-12,140.6795
2007-01-13,118.41544
2007-01-14,142.783576
2007-01-15,96.444972
2007-01-16,115.96884
2007-01-17,103.49118
2007-01-18,118.17078
2007-01-19,118.17078
2007-01-20,100.79992
2007-01-21,105.69312
2007-01-22,108.408846
2007-01-23,113.27758
2007-01-24,113.326512
2007-01-25,103.49118
2007-01-26,125.608444
2007-01-27,118.17078
2007-01-28,98.72031
2007-01-29,100.92225
2007-01-30,103.36885
2007-01-31,93.21546
2007-02-01,100.55526
2007-02-02,88.32226
2007-02-03,83.42906
2007-02-04,97.643806
2007-02-05,92.701674
2007-02-06,80.37081
2007-02-07,97.692738
2007-02-08,105.521858
2007-02-09,103.050792
2007-02-10,117.779324
2007-02-11,115.381656
2007-02-12,73.936252
2007-02-13,135.17465
2007-02-14,127.981646
2007-02-15,122.966116
2007-02-16,120.61738
2007-02-17,108.38438
2007-02-18,93.533518
2007-02-19,93.876042
2007-02-20,117.06981
2007-02-21,137.74358
2007-02-22,139.4562
2007-02-23,137.841444
2007-02-24,120.543982
2007-02-25,112.445736
2007-02-26,122.525728
2007-02-27,130.721838
2007-02-28,132.923778
2007-03-01,142.39212
2007-03-02,155.3591
2007-03-03,160.2523
2007-03-04,139.138142
2007-03-05,143.101634
2007-03-06,132.287662
2007-03-07,141.707072
2007-03-08,139.064744
2007-03-09,156.82706
2007-03-10,209.1843
2007-03-11,258.36096
2007-03-12,614.0966
2007-03-13,1389.6688
2007-03-14,1424.41052
2007-03-15,984.26718
2007-03-16,412.521226
2007-03-17,244.41534
2007-03-18,189.342374
2007-03-19,242.286798
2007-03-20,214.101966
2007-03-21,198.1746
2007-03-22,626.3296
2007-03-23,584.00342
2007-03-24,327.771002
2007-03-25,193.868584
2007-03-26,306.19199
2007-03-27,321.97256
2007-03-28,155.11444
2007-03-29,182.63869
2007-03-30,217.771866
2007-03-31,262.03086
2007-04-01,437.9414
2007-04-02,546.32578
2007-04-03,800.0382
2007-04-04,683.8247
2007-04-05,380.397368
2007-04-06,265.994352
2007-04-07,226.55516
2007-04-08,214.81148
2007-04-09,226.43283
2007-04-10,235.436318
2007-04-11,319.03664
2007-04-12,139.21154
2007-04-13,294.8153
2007-04-14,296.52792
2007-04-15,273.847938
2007-04-16,232.157874
2007-04-17,245.222718
2007-04-18,215.080606
2007-04-19,168.105886
2007-04-20,189.929558
2007-04-21,152.66784
2007-04-22,157.830166
2007-04-23,325.3978
2007-04-24,283.31628
2007-04-25,376.7764
2007-04-26,376.7764
2007-04-27,370.90456
2007-04-28,288.038218
2007-04-29,197.514018
2007-04-30,263.767946
2007-05-01,228.536906
2007-05-02,209.722552
2007-05-03,187.311696
2007-05-04,169.622778
2007-05-05,179.922964
2007-05-06,152.42318
2007-05-07,169.30472
2007-05-08,174.19792
2007-05-09,171.50666
2007-05-10,156.606866
2007-05-11,168.32608
2007-05-12,131.38242
2007-05-13,153.64648
2007-05-14,124.972328
2007-05-15,278.9124
2007-05-16,203.80178
2007-05-17,163.67754
2007-05-18,133.95135
2007-05-19,176.473258
2007-05-20,190.34548
2007-05-21,129.18048
2007-05-22,128.93582
2007-05-23,96.88536
2007-05-24,147.77464
2007-05-25,219.70468
2007-05-26,100.3106
2007-05-27,187.678686
2007-05-28,143.199498
2007-05-29,140.6795
2007-05-30,121.1067
2007-05-31,142.88144
2007-06-01,130.15912
2007-06-02,197.44062
2007-06-03,350.35312
2007-06-04,746.213
2007-06-05,293.592
2007-06-06,204.364498
2007-06-07,92.750606
2007-06-08,286.790452
2007-06-09,141.682606
2007-06-10,140.43484
2007-06-11,139.94552
2007-06-12,122.33
2007-06-13,102.26788
2007-06-14,116.94748
2007-06-15,109.411952
2007-06-16,133.58436
2007-06-17,96.88536
2007-06-18,98.59798
2007-06-19,189.12218
2007-06-20,103.73584
2007-06-21,166.3688
2007-06-22,181.0484
2007-06-23,117.4368
2007-06-24,104.151762
2007-06-25,114.843404
2007-06-26,84.89702
2007-06-27,154.38046
2007-06-28,115.96884
2007-06-29,104.46982
2007-06-30,110.097
2007-07-01,96.88536
2007-07-02,74.6213
2007-07-03,181.53772
2007-07-04,413.23074
2007-07-05,241.503886
2007-07-06,151.615802
2007-07-07,84.578962
2007-07-08,103.49118
2007-07-09,187.580822
2007-07-10,114.01156
2007-07-11,130.917566
2007-07-12,133.046108
2007-07-13,93.21546
2007-07-14,149.2426
2007-07-15,107.6504
2007-07-16,93.21546
2007-07-17,117.68146
2007-07-18,117.68146
2007-07-19,139.70086
2007-07-20,70.9514
2007-07-21,97.668272
2007-07-22,100.017008
2007-07-23,109.97467
2007-07-24,100.139338
2007-07-25,97.74167
2007-07-26,101.04458
2007-07-27,210.4076
2007-07-28,117.656994
2007-07-29,103.833704
2007-07-30,96.15138
2007-07-31,104.46982
2007-08-01,86.60964
2007-08-02,115.47952
2007-08-03,100.55526
2007-08-04,129.6698
2007-08-05,391.456
2007-08-06,173.46394
2007-08-07,229.73574
2007-08-08,181.29306
2007-08-09,175.66588
2007-08-10,144.202604
2007-08-11,90.989054
2007-08-12,212.12022
2007-08-13,101.949822
2007-08-14,386.5628
2007-08-15,215.3008
2007-08-16,175.17656
2007-08-17,157.291914
2007-08-18,237.3202
2007-08-19,2542.0174
2007-08-20,3077.8228
2007-08-21,2270.4448
2007-08-22,1609.8628
2007-08-23,1869.2024
2007-08-24,1624.5424
2007-08-25,890.5624
2007-08-26,480.87923
2007-08-27,424.4851
2007-08-28,450.66372
2007-08-29,373.522422
2007-08-30,301.274324
2007-08-31,282.09298
2007-09-01,259.608726
2007-09-02,259.58426
2007-09-03,248.3299
2007-09-04,240.01146
2007-09-05,207.520612
2007-09-06,228.51244
2007-09-07,310.96286
2007-09-08,254.128342
2007-09-09,249.5532
2007-09-10,288.6988
2007-09-11,364.05408
2007-09-12,281.97065
2007-09-13,231.766418
2007-09-14,282.044048
2007-09-15,221.17264
2007-09-16,217.7474
2007-09-17,200.13188
2007-09-18,206.786632
2007-09-19,230.71438
2007-09-20,186.43092
2007-09-21,132.60572
2007-09-22,324.90848
2007-09-23,202.896538
2007-09-24,180.167624
2007-09-25,220.096136
2007-09-26,214.19983
2007-09-27,219.019632
2007-09-28,202.651878
2007-09-29,150.563764
2007-09-30,184.131116
2007-10-01,359.6502
2007-10-02,286.2522
2007-10-03,489.32
2007-10-04,301.885974
2007-10-05,218.652642
2007-10-06,212.658472
2007-10-07,198.712852
2007-10-08,172.803358
2007-10-09,209.771484
2007-10-10,259.510862
2007-10-11,160.790552
2007-10-12,196.853436
2007-10-13,181.66005
2007-10-14,200.37654
2007-10-15,211.337308
2007-10-16,237.3202
2007-10-17,319.2813
2007-10-18,335.1842
2007-10-19,473.66176
2007-10-20,345.680114
2007-10-21,241.454954
2007-10-22,258.85028
2007-10-23,192.30276
2007-10-24,224.59788
2007-10-25,200.401006
2007-10-26,194.74936
2007-10-27,194.01538
2007-10-28,149.2426
2007-10-29,203.0678
2007-10-30,132.1164
2007-10-31,261.7862
2007-11-01,195.48334
2007-11-02,190.59014
2007-11-03,183.25034
2007-11-04,180.80374
2007-11-05,202.82314
2007-11-06,222.39594
2007-11-07,136.27562
2007-11-08,229.49108
2007-11-09,175.42122
2007-11-10,148.26396
2007-11-11,209.42896
2007-11-12,187.89888
2007-11-13,148.50862
2007-11-14,187.65422
2007-11-15,216.76876
2007-11-16,184.7183
2007-11-17,209.1843
2007-11-18,113.7669
2007-11-19,211.87556
2007-11-20,215.349732
2007-11-21,223.8639
2007-11-22,137.034066
2007-11-23,121.35136
2007-11-24,187.1649
2007-11-25,162.6989
2007-11-26,280.38036
2007-11-27,184.987426
2007-11-28,160.2523
2007-11-29,189.6115
2007-11-30,172.4853
2007-12-01,133.3397
2007-12-02,206.541972
2007-12-03,200.082948
2007-12-04,183.592864
2007-12-05,166.222004
2007-12-06,148.582018
2007-12-07,185.060824
2007-12-08,162.747832
2007-12-09,167.5921
2007-12-10,167.5921
2007-12-11,165.63482
2007-12-12,172.85229
2007-12-13,172.97462
2007-12-14,180.265488
2007-12-15,162.796764
2007-12-16,155.505896
2007-12-17,157.8057
2007-12-18,172.4853
2007-12-19,172.4853
2007-12-20,179.8251
2007-12-21,188.094608
2007-12-22,212.36488
2007-12-23,310.7182
2007-12-24,324.517024
2007-12-25,273.872404
2007-12-26,223.937298
2007-12-27,207.006826
2007-12-28,193.379264
2007-12-29,185.011892
2007-12-30,181.90471
2007-12-31,184.008786
2008-01-01,164.142394
2008-01-02,156.362206
2008-01-03,160.98628
2008-01-04,163.18822
2008-01-05,180.950536
2008-01-06,274.0192
2008-01-07,565.1646
2008-01-08,797.5916
2008-01-09,780.22074
2008-01-10,605.5335
2008-01-11,400.312692
2008-01-12,360.726704
2008-01-13,287.402102
2008-01-14,269.933378
2008-01-15,229.515546
2008-01-16,208.57265
2008-01-17,203.606052
2008-01-18,194.675962
2008-01-19,178.11248
2008-01-20,170.0387
2008-01-21,182.02704
2008-01-22,187.189366
2008-01-23,191.81344
2008-01-24,171.99598
2008-01-25,176.64452
2008-01-26,181.855778
2008-01-27,174.56491
2008-01-28,189.146646
2008-01-29,221.90662
2008-01-30,169.965302
2008-01-31,218.995166
2008-02-01,207.83867
2008-02-02,199.88722
2008-02-03,190.051888
2008-02-04,207.47168
2008-02-05,218.23672
2008-02-06,183.959854
2008-02-07,186.014998
2008-02-08,218.799438
2008-02-09,198.370328
2008-02-10,174.222386
2008-02-11,200.449938
2008-02-12,191.07946
2008-02-13,198.981978
2008-02-14,206.297312
2008-02-15,201.183918
2008-02-16,191.20179
2008-02-17,252.48912
2008-02-18,343.99196
2008-02-19,284.221522
2008-02-20,274.117064
2008-02-21,242.482526
2008-02-22,236.806414
2008-02-23,226.79982
2008-02-24,221.980018
2008-02-25,234.800202
2008-02-26,229.442148
2008-02-27,209.526824
2008-02-28,179.360246
2008-02-29,202.113626
2008-03-01,195.042952
2008-03-02,233.89496
2008-03-03,589.6306
2008-03-04,524.06172
2008-03-05,392.6793
2008-03-06,308.956648
2008-03-07,255.767564
2008-03-08,219.851476
2008-03-09,219.778078
2008-03-10,204.707022
2008-03-11,216.5241
2008-03-12,251.75514
2008-03-13,372.37252
2008-03-14,641.0092
2008-03-15,754.04212
2008-03-16,677.58587
2008-03-17,492.916502
2008-03-18,434.76082
2008-03-19,540.20928
2008-03-20,614.58592
2008-03-21,578.890026
2008-03-22,360.38418
2008-03-23,348.88516
2008-03-24,325.64246
2008-03-25,404.17832
2008-03-26,600.39564
2008-03-27,600.39564
2008-03-28,420.08122
2008-03-29,376.849798
2008-03-30,346.732152
2008-03-31,516.2326
2008-04-01,651.77424
2008-04-02,520.63648
2008-04-03,421.79384
2008-04-04,389.98804
2008-04-05,350.132926
2008-04-06,339.147692
2008-04-07,307.29296
2008-04-08,462.4074
2008-04-09,677.7082
2008-04-10,912.5818
2008-04-11,1685.7074
2008-04-12,1418.53868
2008-04-13,759.865028
2008-04-14,438.650914
2008-04-15,221.197106
2008-04-16,460.20546
2008-04-17,494.09087
2008-04-18,430.6016
2008-04-19,501.30834
2008-04-20,438.92004
2008-04-21,366.353884
2008-04-22,359.699132
2008-04-23,350.10846
2008-04-24,324.90848
2008-04-25,1054.4846
2008-04-26,1096.32146
2008-04-27,820.638572
2008-04-28,451.226438
2008-04-29,379.223
2008-04-30,392.06765
2008-05-01,348.469238
2008-05-02,250.53184
2008-05-03,483.69282
2008-05-04,304.23471
2008-05-05,379.174068
2008-05-06,238.519034
2008-05-07,446.5045
2008-05-08,320.847124
2008-05-09,313.849848
2008-05-10,327.23275
2008-05-11,307.78228
2008-05-12,283.31628
2008-05-13,200.352074
2008-05-14,403.150748
2008-05-15,274.802112
2008-05-16,254.862322
2008-05-17,311.378782
2008-05-18,277.713566
2008-05-19,273.236288
2008-05-20,263.86581
2008-05-21,266.703866
2008-05-22,264.96678
2008-05-23,256.64834
2008-05-24,217.01342
2008-05-25,175.17656
2008-05-26,349.61914
2008-05-27,235.338454
2008-05-28,208.181194
2008-05-29,228.439042
2008-05-30,455.0676
2008-05-31,394.88124
2008-06-01,284.319386
2008-06-02,262.27552
2008-06-03,264.452994
2008-06-04,228.781566
2008-06-05,506.4462
2008-06-06,443.32392
2008-06-07,624.61698
2008-06-08,2309.5904
2008-06-09,4364.7344
2008-06-10,3566.65348
2008-06-11,2457.12038
2008-06-12,1389.6688
2008-06-13,2079.61
2008-06-14,2055.63332
2008-06-15,1323.36594
2008-06-16,776.379578
2008-06-17,589.973124
2008-06-18,567.684598
2008-06-19,512.5627
2008-06-20,506.4462
2008-06-21,468.083512
2008-06-22,480.781366
2008-06-23,472.1938
2008-06-24,435.98412
2008-06-25,398.453276
2008-06-26,435.00548
2008-06-27,337.6308
2008-06-28,523.890458
2008-06-29,650.502008
2008-06-30,441.586834
2008-07-01,353.068846
2008-07-02,431.8249
2008-07-03,341.42303
2008-07-04,315.953924
2008-07-05,303.280536
2008-07-06,303.549662
2008-07-07,420.8152
2008-07-08,763.3392
2008-07-09,608.763012
2008-07-10,377.51038
2008-07-11,1702.8336
2008-07-12,1638.97734
2008-07-13,1141.877152
2008-07-14,670.882186
2008-07-15,452.792262
2008-07-16,385.82882
2008-07-17,420.20355
2008-07-18,451.911486
2008-07-19,414.45404
2008-07-20,406.62492
2008-07-21,427.836942
2008-07-22,367.185728
2008-07-23,349.056422
2008-07-24,279.89104
2008-07-25,353.28904
2008-07-26,336.16284
2008-07-27,311.20752
2008-07-28,301.42112
2008-07-29,242.482526
2008-07-30,322.804404
2008-07-31,280.86968
2008-08-01,294.32598
2008-08-02,271.499202
2008-08-03,244.244078
2008-08-04,433.0482
2008-08-05,418.85792
2008-08-06,328.57838
2008-08-07,327.208284
2008-08-08,278.765604
2008-08-09,300.026558
2008-08-10,265.064644
2008-08-11,260.000182
2008-08-12,272.30658
2008-08-13,283.31628
2008-08-14,297.99588
2008-08-15,272.086386
2008-08-16,270.129106
2008-08-17,266.875128
2008-08-18,276.734926
2008-08-19,269.61532
2008-08-20,249.79786
2008-08-21,239.840198
2008-08-22,240.182722
2008-08-23,303.402866
2008-08-24,275.97648
2008-08-25,263.49882
2008-08-26,248.81922
2008-08-27,248.81922
2008-08-28,263.86581
2008-08-29,280.453758
2008-08-30,262.03086
2008-08-31,251.38815
2008-09-01,236.243696
2008-09-02,236.121366
2008-09-03,242.70272
2008-09-04,296.0386
2008-09-05,303.3784
2008-09-06,274.410656
2008-09-07,244.023884
2008-09-08,255.767564
2008-09-09,253.736886
2008-09-10,226.92215
2008-09-11,208.181194
2008-09-12,281.383466
2008-09-13,313.1648
2008-09-14,367.96864
2008-09-15,285.934142
2008-09-16,229.760206
2008-09-17,279.939972
2008-09-18,218.089924
2008-09-19,231.2037
2008-09-20,240.50078
2008-09-21,225.57652
2008-09-22,210.89692
2008-09-23,215.79012
2008-09-24,247.326794
2008-09-25,231.32603
2008-09-26,215.936916
2008-09-27,232.720592
2008-09-28,218.456914
2008-09-29,212.144686
2008-09-30,225.967976
2008-10-01,215.936916
2008-10-02,230.689914
2008-10-03,220.80565
2008-10-04,210.970318
2008-10-05,236.34156
2008-10-06,246.323688
2008-10-07,286.98618
2008-10-08,419.10258
2008-10-09,371.173686
2008-10-10,282.851426
2008-10-11,242.898448
2008-10-12,235.142726
2008-10-13,180.31442
2008-10-14,280.1357
2008-10-15,263.49882
2008-10-16,260.978822
2008-10-17,240.353984
2008-10-18,224.524482
2008-10-19,206.688768
2008-10-20,287.915888
2008-10-21,235.85224
2008-10-22,237.80952
2008-10-23,228.218848
2008-10-24,264.47746
2008-10-25,232.67166
2008-10-26,295.206756
2008-10-27,301.861508
2008-10-28,224.255356
2008-10-29,233.381174
2008-10-30,196.266252
2008-10-31,274.26386
2008-11-01,242.2134
2008-11-02,220.194
2008-11-03,225.57652
2008-11-04,218.23672
2008-11-05,215.54546
2008-11-06,270.59396
2008-11-07,274.75318
2008-11-08,286.521326
2008-11-09,259.608726
2008-11-10,248.599026
2008-11-11,234.531076
2008-11-12,253.71242
2008-11-13,262.76484
2008-11-14,386.80746
2008-11-15,287.157442
2008-11-16,273.945802
2008-11-17,266.972992
2008-11-18,189.538102
2008-11-19,310.082084
2008-11-20,235.85224
2008-11-21,210.16294
2008-11-22,205.02508
2008-11-23,224.84254
2008-11-24,240.696508
2008-11-25,206.101584
2008-11-26,212.585074
2008-11-27,192.938876
2008-11-28,222.200212
2008-11-29,212.12022
2008-11-30,273.994734
2008-12-01,176.717918
2008-12-02,182.88335
2008-12-03,243.974952
2008-12-04,192.0581
2008-12-05,157.31638
2008-12-06,223.61924
2008-12-07,176.88918
2008-12-08,204.2911
2008-12-09,207.324884
2008-12-10,184.7183
2008-12-11,199.3979
2008-12-12,172.24064
2008-12-13,177.158306
2008-12-14,260.5629
2008-12-15,299.95316
2008-12-16,217.649536
2008-12-17,235.24059
2008-12-18,217.918662
2008-12-19,217.429342
2008-12-20,211.777696
2008-12-21,217.943128
2008-12-22,200.205278
2008-12-23,222.126814
2008-12-24,220.194
2008-12-25,224.915938
2008-12-26,225.82118
2008-12-27,430.6016
2008-12-28,614.0966
2008-12-29,587.91798
2008-12-30,412.447828
2008-12-31,284.466182
2009-01-01,278.276284
2009-01-02,268.88134
2009-01-03,250.678636
2009-01-04,253.2231
2009-01-05,212.095754
2009-01-06,231.056904
2009-01-07,231.08137
2009-01-08,210.554396
2009-01-09,202.94547
2009-01-10,226.92215
2009-01-11,231.81535
2009-01-12,222.27361
2009-01-13,224.47555
2009-01-14,224.47555
2009-01-15,216.719828
2009-01-16,218.701574
2009-01-17,214.004102
2009-01-18,223.98623
2009-01-19,226.43283
2009-01-20,228.87943
2009-01-21,226.43283
2009-01-22,228.903896
2009-01-23,221.564096
2009-01-24,201.47751
2009-01-25,191.715576
2009-01-26,203.67945
2009-01-27,206.174982
2009-01-28,213.46585
2009-01-29,215.91245
2009-01-30,218.35905
2009-01-31,215.839052
2009-02-01,228.536906
2009-02-02,233.576902
2009-02-03,208.57265
2009-02-04,200.74353
2009-02-05,208.08333
2009-02-06,223.105454
2009-02-07,312.67548
2009-02-08,421.30452
2009-02-09,507.18018
2009-02-10,971.3002
2009-02-11,1445.69594
2009-02-12,1244.609886
2009-02-13,727.325248
2009-02-14,416.582582
2009-02-15,310.59587
2009-02-16,267.070856
2009-02-17,260.049114
2009-02-18,265.382702
2009-02-19,218.9707
2009-02-20,229.295352
2009-02-21,227.068946
2009-02-22,214.101966
2009-02-23,208.93964
2009-02-24,218.701574
2009-02-25,230.46972
2009-02-26,663.0286
2009-02-27,1399.4552
2009-02-28,1149.755204
2009-03-01,666.111316
2009-03-02,318.351592
2009-03-03,261.247948
2009-03-04,252.317858
2009-03-05,319.2813
2009-03-06,512.07338
2009-03-07,924.8148
2009-03-08,1834.95
2009-03-09,1961.92854
2009-03-10,2064.9304
2009-03-11,1810.72866
2009-03-12,1283.094904
2009-03-13,646.538516
2009-03-14,463.01905
2009-03-15,425.806264
2009-03-16,398.42881
2009-03-17,390.159302
2009-03-18,411.51812
2009-03-19,379.981446
2009-03-20,306.877038
2009-03-21,348.983024
2009-03-22,361.36282
2009-03-23,320.01528
2009-03-24,621.4364
2009-03-25,1250.2126
2009-03-26,1144.690742
2009-03-27,602.84224
2009-03-28,475.423312
2009-03-29,291.1454
2009-03-30,421.91617
2009-03-31,265.94542
2009-04-01,532.38016
2009-04-02,510.042702
2009-04-03,356.543018
2009-04-04,339.612546
2009-04-05,392.826096
2009-04-06,306.216456
2009-04-07,282.313174
2009-04-08,322.804404
2009-04-09,321.678968
2009-04-10,304.23471
2009-04-11,287.035112
2009-04-12,306.31432
2009-04-13,310.7182
2009-04-14,266.92406
2009-04-15,271.5726
2009-04-16,275.903082
2009-04-17,270.887552
2009-04-18,270.59396
2009-04-19,314.63276
2009-04-20,392.6793
2009-04-21,469.7472
2009-04-22,431.653638
2009-04-23,325.76479
2009-04-24,251.070092
2009-04-25,489.32
2009-04-26,1233.0864
2009-04-27,1178.28256
2009-04-28,722.652242
2009-04-29,372.323588
2009-04-30,367.96864
2009-05-01,398.404344
2009-05-02,335.208666
2009-05-03,327.134886
2009-05-04,296.209862
2009-05-05,290.53375
2009-05-06,308.2716
2009-05-07,405.64628
2009-05-08,376.28708
2009-05-09,841.6304
2009-05-10,805.42072
2009-05-11,480.169716
2009-05-12,323.269258
2009-05-13,381.6696
2009-05-14,760.8926
2009-05-15,693.97809
2009-05-16,418.955784
2009-05-17,354.805932
2009-05-18,259.192804
2009-05-19,333.177988
2009-05-20,244.488738
2009-05-21,353.04438
2009-05-22,258.385426
2009-05-23,287.72016
2009-05-24,284.955502
2009-05-25,253.198634
2009-05-26,256.893
2009-05-27,274.26386
2009-05-28,282.82696
2009-05-29,285.053366
2009-05-30,277.860362
2009-05-31,242.409128
2009-06-01,278.42308
2009-06-02,239.668936
2009-06-03,244.513204
2009-06-04,241.47942
2009-06-05,233.821562
2009-06-06,250.65417
2009-06-07,253.394362
2009-06-08,572.5044
2009-06-09,505.2229
2009-06-10,308.932182
2009-06-11,266.997458
2009-06-12,255.522904
2009-06-13,266.19008
2009-06-14,259.804454
2009-06-15,245.369514
2009-06-16,239.52214
2009-06-17,227.827392
2009-06-18,217.50274
2009-06-19,1025.1254
2009-06-20,780.4654
2009-06-21,409.952296
2009-06-22,341.05604
2009-06-23,281.138806
2009-06-24,252.880576
2009-06-25,238.17651
2009-06-26,229.9804
2009-06-27,209.820416
2009-06-28,229.050692
2009-06-29,243.240972
2009-06-30,223.717104
2009-07-01,218.774972
2009-07-02,223.545842
2009-07-03,218.261186
2009-07-04,213.34352
2009-07-05,213.58818
2009-07-06,210.89692
2009-07-07,210.4076
2009-07-08,208.548184
2009-07-09,191.32412
2009-07-10,228.02312
2009-07-11,260.80756
2009-07-12,213.734976
2009-07-13,202.235956
2009-07-14,184.253446
2009-07-15,214.81148
2009-07-16,200.034016
2009-07-17,204.388964
2009-07-18,199.104308
2009-07-19,198.517124
2009-07-20,188.730724
2009-07-21,206.49304
2009-07-22,243.68136
2009-07-23,236.537288
2009-07-24,179.898498
2009-07-25,249.724462
2009-07-26,210.309736
2009-07-27,174.882968
2009-07-28,220.879048
2009-07-29,188.657326
2009-07-30,205.612264
2009-07-31,177.525296
2009-08-01,222.958658
2009-08-02,134.465136
2009-08-03,244.562136
2009-08-04,197.856542
2009-08-05,177.916752
2009-08-06,187.65422
2009-08-07,173.7086
2009-08-08,335.1842
2009-08-09,324.66382
2009-08-10,270.59396
2009-08-11,222.836328
2009-08-12,194.211108
2009-08-13,167.95909
2009-08-14,178.35714
2009-08-15,180.06976
2009-08-16,167.934624
2009-08-17,222.053416
2009-08-18,187.874414
2009-08-19,179.188984
2009-08-20,163.43288
2009-08-21,266.752798
2009-08-22,189.831694
2009-08-23,178.35714
2009-08-24,140.239112
2009-08-25,236.439424
2009-08-26,199.960618
2009-08-27,195.97266
2009-08-28,187.1649
2009-08-29,240.25612
2009-08-30,178.773062
2009-08-31,184.84063
2009-09-01,180.754808
2009-09-02,180.510148
2009-09-03,180.167624
2009-09-04,174.785104
2009-09-05,169.54938
2009-09-06,169.54938
2009-09-07,176.88918
2009-09-08,171.99598
2009-09-09,171.99598
2009-09-10,167.10278
2009-09-11,171.75132
2009-09-12,176.64452
2009-09-13,169.30472
2009-09-14,171.50666
2009-09-15,168.8154
2009-09-16,168.839866
2009-09-17,168.57074
2009-09-18,173.46394
2009-09-19,158.78434
2009-09-20,171.408796
2009-09-21,159.64065
2009-09-22,707.0674
2009-09-23,836.98186
2009-09-24,439.28703
2009-09-25,266.948526
2009-09-26,236.733016
2009-09-27,239.7668
2009-09-28,284.29492
2009-09-29,255.18038
2009-09-30,200.278676
2009-10-01,246.12796
2009-10-02,267.65804
2009-10-03,277.664634
2009-10-04,232.231272
2009-10-05,240.769906
2009-10-06,168.32608
2009-10-07,295.05996
2009-10-08,284.392784
2009-10-09,208.32799
2009-10-10,209.013038
2009-10-11,213.147792
2009-10-12,210.847988
2009-10-13,203.55712
2009-10-14,227.925256
2009-10-15,206.24838
2009-10-16,194.773826
2009-10-17,202.21149
2009-10-18,137.327658
2009-10-19,261.688336
2009-10-20,217.62507
2009-10-21,136.911736
2009-10-22,420.08122
2009-10-23,508.8928
2009-10-24,536.05006
2009-10-25,372.959704
2009-10-26,291.1454
2009-10-27,300.418014
2009-10-28,249.5532
2009-10-29,252.24446
2009-10-30,391.456
2009-10-31,769.94502
2009-11-01,338.8541
2009-11-02,311.305384
2009-11-03,236.414958
2009-11-04,265.847556
2009-11-05,248.57456
2009-11-06,176.64452
2009-11-07,306.06966
2009-11-08,200.37654
2009-11-09,273.52988
2009-11-10,241.23476
2009-11-11,231.2037
2009-11-12,208.93964
2009-11-13,245.8833
2009-11-14,282.5823
2009-11-15,240.74544
2009-11-16,257.62698
2009-11-17,235.60758
2009-11-18,201.8445
2009-11-19,214.738082
2009-11-20,243.363302
2009-11-21,235.705444
2009-11-22,228.02312
2009-11-23,228.26778
2009-11-24,243.363302
2009-11-25,264.2328
2009-11-26,401.48706
2009-11-27,334.156628
2009-11-28,293.665398
2009-11-29,269.688718
2009-11-30,172.191708
2009-12-01,274.092598
2009-12-02,283.340746
2009-12-03,191.93577
2009-12-04,186.724512
2009-12-05,240.25612
2009-12-06,228.02312
2009-12-07,206.101584
2009-12-08,218.285652
2009-12-09,182.565292
2009-12-10,223.37458
2009-12-11,200.547802
2009-12-12,190.492276
2009-12-13,208.670514
2009-12-14,209.991678
2009-12-15,189.954024
2009-12-16,171.531126
2009-12-17,195.679068
2009-12-18,195.97266
2009-12-19,198.66392
2009-12-20,191.32412
2009-12-21,196.46198
2009-12-22,203.606052
2009-12-23,208.57265
2009-12-24,229.49108
2009-12-25,499.1064
2009-12-26,601.8636
2009-12-27,473.686226
2009-12-28,362.95311
2009-12-29,272.06192
2009-12-30,261.443676
2009-12-31,253.71242
2010-01-01,246.225824
2010-01-02,239.717868
2010-01-03,229.12409
2010-01-04,223.74157
2010-01-05,218.84837
2010-01-06,213.686044
2010-01-07,221.686426
2010-01-08,233.356708
2010-01-09,228.14545
2010-01-10,218.138856
2010-01-11,228.243314
2010-01-12,223.00759
2010-01-13,218.11439
2010-01-14,213.539248
2010-01-15,223.49691
2010-01-16,233.03865
2010-01-17,227.90079
2010-01-18,218.407982
2010-01-19,227.949722
2010-01-20,227.65613
2010-01-21,222.51827
2010-01-22,207.83867
2010-01-23,216.059246
2010-01-24,325.3978
2010-01-25,278.42308
2010-01-26,255.449506
2010-01-27,244.146214
2010-01-28,232.30467
2010-01-29,224.769142
2010-01-30,217.25808
2010-01-31,211.6309
2010-02-01,206.223914
2010-02-02,211.166046
2010-02-03,220.952446
2010-02-04,213.416918
2010-02-05,220.80565
2010-02-06,213.123326
2010-02-07,207.961
2010-02-08,213.09886
2010-02-09,215.79012
2010-02-10,203.31246
2010-02-11,205.75906
2010-02-12,200.841394
2010-02-13,205.465468
2010-02-14,207.667408
2010-02-15,215.3008
2010-02-16,210.65226
2010-02-17,200.86586
2010-02-18,196.21732
2010-02-19,191.226256
2010-02-20,189.048782
2010-02-21,194.088778
2010-02-22,192.253828
2010-02-23,195.507806
2010-02-24,194.480234
2010-02-25,176.571122
2010-02-26,183.568398
2010-02-27,188.486064
2010-02-28,186.479852
2010-03-01,185.08529
2010-03-02,185.599076
2010-03-03,177.769956
2010-03-04,180.534614
2010-03-05,183.61733
2010-03-06,184.84063
2010-03-07,196.192854
2010-03-08,210.114008
2010-03-09,277.93376
2010-03-10,508.8928
2010-03-11,750.86154
2010-03-12,884.20124
2010-03-13,888.1158
2010-03-14,663.27326
2010-03-15,451.691292
2010-03-16,348.371374
2010-03-17,296.258794
2010-03-18,258.434358
2010-03-19,288.6988
2010-03-20,251.9998
2010-03-21,251.87747
2010-03-22,240.13379
2010-03-23,226.67749
2010-03-24,223.61924
2010-03-25,242.604856
2010-03-26,175.739278
2010-03-27,231.962146
2010-03-28,212.144686
2010-03-29,189.85616
2010-03-30,139.896588
2010-03-31,270.71629
2010-04-01,170.307826
2010-04-02,172.558698
2010-04-03,219.851476
2010-04-04,230.983506
2010-04-05,225.282928
2010-04-06,472.1938
2010-04-07,589.6306
2010-04-08,623.883
2010-04-09,491.7666
2010-04-10,333.373716
2010-04-11,287.793558
2010-04-12,266.997458
2010-04-13,248.550094
2010-04-14,214.640218
2010-04-15,196.559844
2010-04-16,294.179184
2010-04-17,224.59788
2010-04-18,221.17264
2010-04-19,220.68332
2010-04-20,217.01342
2010-04-21,234.38428
2010-04-22,201.8445
2010-04-23,216.03478
2010-04-24,280.1357
2010-04-25,342.524
2010-04-26,280.62502
2010-04-27,229.466614
2010-04-28,218.995166
2010-04-29,163.604142
2010-04-30,227.04448
2010-05-01,262.03086
2010-05-02,226.873218
2010-05-03,245.222718
2010-05-04,144.398332
2010-05-05,234.971464
2010-05-06,267.706972
2010-05-07,203.31246
2010-05-08,251.75514
2010-05-09,216.670896
2010-05-10,228.14545
2010-05-11,291.1454
2010-05-12,314.3881
2010-05-13,623.883
2010-05-14,606.02282
2010-05-15,365.179516
2010-05-16,271.841726
2010-05-17,242.017672
2010-05-18,236.83088
2010-05-19,235.11826
2010-05-20,212.36488
2010-05-21,255.42504
2010-05-22,221.53963
2010-05-23,226.897684
2010-05-24,221.270504
2010-05-25,230.689914
2010-05-26,440.63266
2010-05-27,327.8444
2010-05-28,248.3299
2010-05-29,222.6406
2010-05-30,204.878284
2010-05-31,219.21536
2010-06-01,182.51636
2010-06-02,243.534564
2010-06-03,310.571404
2010-06-04,264.72212
2010-06-05,442.8346
2010-06-06,643.4558
2010-06-07,411.0288
2010-06-08,380.4463
2010-06-09,407.11424
2010-06-10,334.278958
2010-06-11,243.656894
2010-06-12,279.426186
2010-06-13,224.133026
2010-06-14,238.592432
2010-06-15,293.592
2010-06-16,388.27542
2010-06-17,277.44444
2010-06-18,232.402534
2010-06-19,316.418778
2010-06-20,232.353602
2010-06-21,248.08524
2010-06-22,618.9898
2010-06-23,1088.737
2010-06-24,1240.18154
2010-06-25,642.72182
2010-06-26,584.7374
2010-06-27,501.553
2010-06-28,542.16656
2010-06-29,395.24823
2010-06-30,309.935288
2010-07-01,264.306198
2010-07-02,241.96874
2010-07-03,257.13766
2010-07-04,187.89888
2010-07-05,312.92014
2010-07-06,291.02307
2010-07-07,274.99784
2010-07-08,329.0677
2010-07-09,268.51435
2010-07-10,247.1066
2010-07-11,246.25029
2010-07-12,250.7765
2010-07-13,235.85224
2010-07-14,211.14158
2010-07-15,653.2422
2010-07-16,872.70222
2010-07-17,619.650382
2010-07-18,337.14148
2010-07-19,297.579958
2010-07-20,290.117828
2010-07-21,256.03669
2010-07-22,660.582
2010-07-23,2187.2604
2010-07-24,2270.4448
2010-07-25,1404.3484
2010-07-26,593.276034
2010-07-27,365.39971
2010-07-28,443.911104
2010-07-29,345.190794
2010-07-30,328.725176
2010-07-31,315.709264
2010-08-01,283.878998
2010-08-02,275.73182
2010-08-03,285.983074
2010-08-04,274.26386
2010-08-05,267.9027
2010-08-06,260.07358
2010-08-07,215.79012
2010-08-08,391.456
2010-08-09,545.5918
2010-08-10,472.68312
2010-08-11,331.171776
2010-08-12,271.93959
2010-08-13,425.7084
2010-08-14,599.417
2010-08-15,409.07152
2010-08-16,358.010978
2010-08-17,314.094508
2010-08-18,281.11434
2010-08-19,282.239776
2010-08-20,276.95512
2010-08-21,300.44248
2010-08-22,271.69493
2010-08-23,252.807178
2010-08-24,262.544646
2010-08-25,272.355512
2010-08-26,240.035926
2010-08-27,231.252632
2010-08-28,260.07358
2010-08-29,232.91632
2010-08-30,216.03478
2010-08-31,314.87742
2010-09-01,506.4462
2010-09-02,425.7084
2010-09-03,506.4462
2010-09-04,443.32392
2010-09-05,333.691774
2010-09-06,260.098046
2010-09-07,338.707304
2010-09-08,331.807892
2010-09-09,268.930272
2010-09-10,258.1163
2010-09-11,254.93572
2010-09-12,258.409892
2010-09-13,253.10077
2010-09-14,244.488738
2010-09-15,234.01729
2010-09-16,239.7668
2010-09-17,231.888748
2010-09-18,332.7376
2010-09-19,282.5823
2010-09-20,242.922914
2010-09-21,256.966398
2010-09-22,233.89496
2010-09-23,95.833322
2010-09-24,349.12982
2010-09-25,282.94929
2010-09-26,234.335348
2010-09-27,240.696508
2010-09-28,244.78233
2010-09-29,236.317094
2010-09-30,247.96291
2010-10-01,267.53571
2010-10-02,230.59205
2010-10-03,225.625452
2010-10-04,235.680978
2010-10-05,238.103112
2010-10-06,243.705826
2010-10-07,234.62894
2010-10-08,225.380792
2010-10-09,227.77846
2010-10-10,222.88526
2010-10-11,226.579626
2010-10-12,230.71438
2010-10-13,221.17264
2010-10-14,227.77846
2010-10-15,219.94934
2010-10-16,213.09886
2010-10-17,234.8736
2010-10-18,220.43866
2010-10-19,215.54546
2010-10-20,228.02312
2010-10-21,215.79012
2010-10-22,169.06006
2010-10-23,210.187406
2010-10-24,347.17254
2010-10-25,315.36674
2010-10-26,138.72222
2010-10-27,475.8637
2010-10-28,524.06172
2010-10-29,201.11052
2010-10-30,309.4949
2010-10-31,214.713616
2010-11-01,212.73187
2010-11-02,185.32995
2010-11-03,223.961764
2010-11-04,238.616898
2010-11-05,182.02704
2010-11-06,139.94552
2010-11-07,269.61532
2010-11-08,205.75906
2010-11-09,198.66392
2010-11-10,181.53772
2010-11-11,215.54546
2010-11-12,254.81339
2010-11-13,231.2071592
2010-11-14,336.89682
2010-11-15,245.124854
2010-11-16,232.133408
2010-11-17,212.805268
2010-11-18,194.969554
2010-11-19,194.74936
2010-11-20,252.953974
2010-11-21,147.40765
2010-11-22,191.030528
2010-11-23,277.07745
2010-11-24,201.59984
2010-11-25,195.97266
2010-11-26,284.245988
2010-11-27,213.58818
2010-11-28,170.797146
2010-11-29,215.472062
2010-11-30,193.354798
2010-12-01,247.84058
2010-12-02,202.57848
2010-12-03,189.48917
2010-12-04,197.098096
2010-12-05,189.48917
2010-12-06,169.891904
2010-12-07,164.949772
2010-12-08,176.88918
2010-12-09,162.08725
2010-12-10,186.577716
2010-12-11,204.682556
2010-12-12,164.827442
2010-12-13,159.347058
2010-12-14,198.370328
2010-12-15,187.385094
2010-12-16,189.342374
2010-12-17,186.79791
2010-12-18,186.55325
2010-12-19,186.55325
2010-12-20,181.66005
2010-12-21,191.764508
2010-12-22,203.997508
2010-12-23,198.78625
2010-12-24,203.728382
2010-12-25,206.49304
2010-12-26,201.35518
2010-12-27,194.26004
2010-12-28,196.58431
2010-12-29,198.810716
2010-12-30,228.7571
2010-12-31,382.64824
