time,Volume,Tot Inflow Vol,Tot Outflow Vol,Overflow Vol,Evapouration,Rain,Lake Level,Surface Area,Black Ice,Snow,White Ice,Max Temp,Min Temp,Surface Temp,Daily Qsw,Daily Qe,Daily Qh,Daily Qlw,Light,LakeNumber,Max dT/dz
2009-04-14 24:00:00,  529969.698962,     288.821130,     288.821130,     187.294333,     -71.984370,       0.000000,      24.993600,      39.581170,       0.000000,       0.000000,       0.000000,       5.117813,       5.080275,       5.117813,740144501.903486,-176577659.948603,59351962.549860,-177060982.336436,       0.000000,      -7.348909,       0.265023
2009-04-15 24:00:00,  529902.859664,     269.248330,     269.248330,       0.000000,     -64.716308,       0.000000,      24.991965,      39.578580,       0.000000,       0.000000,       0.000000,       5.467844,       5.023433,       5.467844,847314257.548458,-158749104.207262,83082252.951785,-182403049.304077,       0.000000,      -0.048533,       0.077031
2009-04-16 24:00:00,  529855.420918,     273.737841,     273.737841,       0.000000,     -45.929393,       0.000000,      24.990804,      39.576742,       0.000000,       0.000000,       0.000000,       5.782158,       5.023433,       5.782158,907696173.859077,-112664800.725549,106559529.091963,-164521299.994113,       0.000000,      -0.018808,       0.098501
2009-04-17 24:00:00,  529808.933169,     273.395317,     273.395317,       0.000000,     -45.006573,       0.000000,      24.989667,      39.574941,       0.000000,       0.000000,       0.000000,       6.235591,       5.023450,       6.235591,903094801.014270,-110401122.652784,143309621.449139,-122661773.417482,       0.000000,       0.011976,       0.115970
2009-04-18 24:00:00,  529809.727526,     270.740756,     270.740756,       0.000000,     -19.334874,      20.103779,      24.989687,      39.574972,       0.000000,       0.000000,       0.000000,       6.406366,       5.023494,       6.406366,465639940.590618,-47428445.963787,153221222.278580,  967745.849922,       0.000000,       0.044184,       0.071222
2009-04-19 24:00:00,  529969.698962,     292.613360,     292.613360,     553.794491,      -3.635429,     693.805210,      24.993600,      39.581170,       0.000000,       0.000000,       0.000000,       6.367835,       5.023541,       6.367835,150257929.542679,-8917706.310026,25598108.862650,-58160000.924095,       0.244530,     -85.016251,       0.061628
2009-04-20 24:00:00,  529969.698962,     353.656030,     353.656030,     178.672308,     -58.237767,     231.252450,      24.993600,      39.581170,       0.000000,       0.000000,       0.000000,       6.318889,       6.215915,       6.318889,504235434.390674,-142857241.897720,-52809511.836231,-155157714.351101,       0.366888,      -0.946107,       0.265830
2009-04-21 24:00:00,  529969.698962,     431.213250,     431.213250,     228.237740,     -60.516606,     281.533021,      24.993600,      39.581170,       0.000000,       0.000000,       0.000000,       6.258493,       6.181188,       6.258493,405582690.117855,-148447234.781528,-97304990.270816,-174871149.380220,       0.000000,      -3.899446,       0.266794
2009-04-22 24:00:00,  529889.099100,     450.700419,     450.700419,       0.000000,     -78.039306,       0.000000,      24.991628,      39.578047,       0.000000,       0.000000,       0.000000,       6.428600,       6.299448,       6.428600,869762732.065483,-191430417.568399,83396473.653387,-193732499.087647,       0.000000,      -0.031622,       0.329315
2009-04-23 24:00:00,  529861.000837,     378.709214,     378.709214,       0.000000,     -47.309546,      20.105214,      24.990941,      39.576958,       0.000000,       0.000000,       0.000000,       6.608922,       6.545206,       6.608922,566117800.957309,-116050315.773086,128154699.672190,-91839459.665873,       0.000000,      -0.003977,       0.302458
2009-04-24 24:00:00,  529860.604259,     288.417441,     288.417441,       0.000000,      -0.383952,       0.000000,      24.990931,      39.576943,       0.000000,       0.000000,       0.000000,       7.157597,       7.089859,       7.157597,765675989.378264, -941834.328798,472924748.498619,59360087.407272,       0.000000,      -0.000560,       0.264994
2009-04-25 24:00:00,  529969.698962,     370.195046,     370.195046,    1904.111952,      -6.997695,    1951.878989,      24.993600,      39.581170,       0.000000,       0.000000,       0.000000,       7.279257,       7.156308,       7.279257,61589676.937970,-17165346.310431,94385588.996724,12183828.473978,       0.245025,      -2.512957,       0.255823
2009-04-26 24:00:00,  529969.698962,     861.203200,     861.203200,     744.162818,      -5.049755,     724.064067,      24.993600,      39.581170,       0.000000,       0.000000,       0.000000,       7.531504,       7.120088,       7.531504,263860156.916089,-12387049.708552,143877068.581492,  512723.303366,       0.000000,      -6.796723,       0.297917
2009-04-27 24:00:00,  529969.698962,    1205.684480,    1205.684480,       5.777669,      -4.459318,      10.053617,      24.993600,      39.581170,       0.000000,       0.000000,       0.000000,       7.769667,       7.475182,       7.769667,339368952.683969,-10938706.364675,192207308.774338,33845304.076300,       0.000000,     -22.184375,       0.335065
2009-04-28 24:00:00,  529892.880053,     950.467401,     950.467393,       0.000000,     -74.378616,       0.000000,      24.991721,      39.578194,       0.000000,       0.000000,       0.000000,       7.937818,       7.538248,       7.937818,859245053.197617,-182450746.021555,42269691.336824,-186749424.924922,       0.000000,      -0.100907,       0.057313
2009-04-29 24:00:00,  529874.625074,     547.487915,     547.487915,       0.000000,     -17.674232,       0.000000,      24.991274,      39.577486,       0.000000,       0.000000,       0.000000,       7.952976,       7.722163,       7.952976,377266114.310887,-43354891.394036,31643296.982470,-118723672.182630,       0.490666,      -0.072590,       0.063243
2009-04-30 24:00:00,  529969.698962,     370.146114,     370.146114,     309.209177,      -0.808362,     392.112101,      24.993600,      39.581170,       0.000000,       0.000000,       0.000000,       8.138726,       7.841590,       8.138726,403059884.138679,-1982911.857681,97631931.070557,-29807201.911774,       0.000000,     -50.336824,       0.132443
2009-05-01 24:00:00,  529908.708151,     383.186492,     383.186492,       0.000000,     -59.053753,       0.000000,      24.992108,      39.578807,       0.000000,       0.000000,       0.000000,       7.994070,       7.886593,       7.994070,650988019.494465,-144858857.183671,89071639.934343,-820680282.783483,       0.000000,      -0.001466,       0.266188
2009-05-02 24:00:00,  529807.682665,     366.806505,     366.806505,       0.000000,     -97.809259,       0.000000,      24.989637,      39.574893,       0.000000,       0.000000,       0.000000,       8.190983,       7.841399,       8.190983,876419445.224097,-239926111.382727,116369959.654411,-189428610.675625,       0.000000,      -0.008385,       0.144232
2009-05-03 24:00:00,  529729.174135,     331.171776,     331.171776,       0.000000,     -76.002436,       0.000000,      24.987716,      39.571851,       0.000000,       0.000000,       0.000000,       8.585951,       8.043625,       8.585951,952011461.832808,-186433975.832623,125034816.466367,-173351832.031823,       0.000000,       0.028380,       0.095859
2009-05-04 24:00:00,  529679.113485,     311.672374,     311.672374,       0.000000,     -48.459576,       0.000000,      24.986491,      39.569912,       0.000000,       0.000000,       0.000000,       8.886759,       8.043625,       8.886759,796812699.292560,-118871339.736638,113880813.474728,-122525481.617371,       0.000000,       0.187088,       0.158221
2009-05-05 24:00:00,  529632.549068,     293.371806,     293.371806,       0.000000,     -45.073018,       0.000000,      24.985352,      39.568108,       0.000000,       0.000000,       0.000000,       9.043784,       8.043625,       9.043784,511435593.316426,-110564113.241227,157273101.087484,-55632011.635016,       0.000000,       0.024946,       0.054765
2009-05-06 24:00:00,  529969.698962,     299.402675,     299.402675,     197.806314,      -4.805794,     522.718619,      24.993600,      39.581170,       0.000000,       0.000000,       0.000000,       9.452082,       8.043625,       9.452082,500411531.760025,-11788612.148531,126886901.907504,-20866914.550517,       0.000000,     -34.828866,       0.054754
2009-05-07 24:00:00,  529946.637519,     356.958940,     356.958940,       0.000000,     -22.329424,       0.000000,      24.993036,      39.580276,       0.000000,       0.000000,       0.000000,       9.765333,       8.043625,       9.765333,751399085.592224,-54774076.636248,168832288.309795,-47384783.009337,       0.000000,       0.326992,       0.070253
2009-05-08 24:00:00,  529969.698962,     390.966680,     390.966680,     218.982097,     -16.977145,     251.350740,      24.993600,      39.581170,       0.000000,       0.000000,       0.000000,      10.655381,       8.043625,      10.655381,776529877.870493,-41644936.206668,75520609.305557,-65389387.373233,       0.122973,     -42.580518,       0.050210
2009-05-09 24:00:00,  529969.698962,     608.958740,     608.958740,     941.460535,     -35.934498,     945.309734,      24.993600,      39.581170,       0.000000,       0.000000,       0.000000,       9.960241,       8.043681,       9.960241,341622417.024608,-88147322.570256,-3096649.079850,-106926738.366431,       0.000000,     -81.819715,       0.070213
2009-05-10 24:00:00,  529913.744164,     823.525560,     823.525560,       0.000000,     -54.177809,       0.000000,      24.992231,      39.579002,       0.000000,       0.000000,       0.000000,      10.043835,       8.044541,      10.043835,597939615.052936,-132898166.584005, 1045069.875437,-158195692.346013,       0.000000,      -0.046206,       0.138537
2009-05-11 24:00:00,  529866.532635,     642.795218,     642.795218,       0.000000,     -45.709895,       0.000000,      24.991076,      39.577173,       0.000000,       0.000000,       0.000000,      10.456027,       8.045280,      10.456027,892185719.700657,-112126372.666905,13192430.755836,-216033629.154386,       0.000000,       0.122063,       0.138537
2009-05-12 24:00:00,  529756.008835,     401.719487,     401.719487,       0.000000,    -107.000302,       0.000000,      24.988373,      39.572891,       0.000000,       0.000000,       0.000000,      10.442355,       8.073071,      10.442355,910896001.982180,-262471741.242077,189607152.612400,-148632149.170129,       0.000000,      -0.026851,       0.097153
2009-05-13 24:00:00,  529969.698962,     352.469429,     352.469429,     950.443045,      -1.291667,    1126.125252,      24.993600,      39.581170,       0.000000,       0.000000,       0.000000,      10.522356,       8.149025,      10.522356,158615941.323387,-3168458.408051,124424563.921776,10534984.452442,       0.000000,     -38.686587,       0.093666
2009-05-14 24:00:00,  529899.760715,     571.281100,     571.281100,       0.000000,     -67.716753,       0.000000,      24.991889,      39.578460,       0.000000,       0.000000,       0.000000,      10.914785,       8.324226,      10.914785,966173417.887597,-166109195.170298,68713033.428726,-169061550.402924,       0.000000,       0.008925,       0.466728
2009-05-15 24:00:00,  529910.125049,     727.435345,     727.435345,       0.000000,     -10.071087,      20.105798,      24.992143,      39.578862,       0.000000,       0.000000,       0.000000,      10.987516,       8.391055,      10.987516,300909639.679893,-24704375.668581,55144321.125521,-49755908.087965,       0.000000,       0.015511,       0.466728
2009-05-16 24:00:00,  529778.195853,     556.466937,     556.466937,       0.000000,    -127.727537,       0.000000,      24.988915,      39.573751,       0.000000,       0.000000,       0.000000,      11.034958,       8.567467,      11.034958,950450926.138151,-313315647.434643,-24540313.754034,-250317152.197437,       0.000000,      -0.054293,       0.060880
2009-05-17 24:00:00,  529684.952353,     386.880858,     386.880858,       0.000000,     -90.263835,       0.000000,      24.986634,      39.570138,       0.000000,       0.000000,       0.000000,      11.634798,       8.607952,      11.634798,1023424370.071900,-221417188.475479,-13441434.029364,-292687544.678729,       0.000000,       0.053872,       0.466546
2009-05-18 24:00:00,  529543.288173,     306.999368,     306.999368,       0.000000,    -137.121561,       0.000000,      24.983169,      39.564650,       0.000000,       0.000000,       0.000000,      11.137688,       8.871597,      11.137688,511682619.229269,-336359189.950965,69892421.791600,-166013060.477231,       0.000000,      -0.035050,       0.155515
2009-05-19 24:00:00,  529511.659638,     296.185396,     296.185396,       0.000000,     -30.611680,       0.000000,      24.982395,      39.563425,       0.000000,       0.000000,       0.000000,      11.777509,       8.995465,      11.777509,968061089.050220,-75090450.991315,264134588.534765,-80072910.571207,       0.000000,       0.048365,       0.118660
2009-05-20 24:00:00,  529448.642691,     288.833363,     288.833363,       0.000000,     -60.988155,       0.000000,      24.980853,      39.560984,       0.000000,       0.000000,       0.000000,      12.178878,       9.076953,      12.178878,981483084.499321,-149603944.987521,370246474.909242,-55770061.929363,       0.000000,       0.104480,       0.118660
2009-05-21 24:00:00,  529422.162354,     298.766559,     298.766557,       0.000000,     -25.626674,       0.000000,      24.980206,      39.559958,       0.000000,       0.000000,       0.000000,      12.810533,       9.112700,      12.810533,768413781.007041,-62862230.985693,190356696.117123,-50949925.546887,       0.000000,       0.524495,       0.118660
2009-05-22 24:00:00,  529458.303315,     305.714903,     305.714903,       0.000000,     -35.363963,      70.338054,      24.981090,      39.561358,       0.000000,       0.000000,       0.000000,      13.522662,       9.127561,      13.522662,681815431.329691,-86747800.756315,54041751.804380,-85391324.343029,       0.000000,       0.553304,       0.118660
2009-05-23 24:00:00,  529694.477584,     273.052793,     273.052793,       0.000000,     -12.600862,     241.181773,      24.986867,      39.570507,       0.000000,       0.000000,       0.000000,      13.722532,       9.139495,      13.722532,530986212.958072,-30909915.481254,47378422.914030,-50796026.624446,       0.000000,       3.281240,       0.118660
2009-05-24 24:00:00,  529639.706657,     286.337831,     286.337831,       0.000000,     -53.017335,       0.000000,      24.985527,      39.568385,       0.000000,       0.000000,       0.000000,      14.025615,       9.157327,      14.025615,821350418.041137,-130051523.251909,51337513.495494,-139388583.679526,       0.000000,       0.350274,       0.118660
2009-05-25 24:00:00,  529495.539509,     269.077068,     269.077068,       0.000000,    -139.537918,       0.000000,      24.982001,      39.562800,       0.000000,       0.000000,       0.000000,      13.771057,       9.200984,      13.771057,622238922.089264,-342286513.296820,49396473.255765,-161933467.109680,       0.000000,       0.298553,       0.118660
2009-05-26 24:00:00,  529457.728142,     255.045817,     255.045817,       0.000000,     -36.593908,       0.000000,      24.981076,      39.561335,       0.000000,       0.000000,       0.000000,      13.917545,       9.217116,      13.917545,423215055.938310,-89764855.695747,11222263.228244,-117988755.210584,       0.000000,       0.760508,       0.118660
2009-05-27 24:00:00,  529818.151399,     265.578430,     265.578430,       0.000000,     -33.042848,     381.901981,      24.989893,      39.575298,       0.000000,       0.000000,       0.000000,      13.604121,       9.238987,      13.604121,149029518.249372,-81054107.152424,-57366507.990892,-146828849.423783,       0.432684,       0.443013,       0.118660
2009-05-28 24:00:00,  529788.611429,     278.545410,     278.545410,       0.000000,     -28.597964,       0.000000,      24.989170,      39.574154,       0.000000,       0.000000,       0.000000,      13.713663,       9.260068,      13.713663,531974163.378975,-70150804.761267,-1256377.321104,-128752971.352208,       0.000000,       0.601802,       0.118660
2009-05-29 24:00:00,  529699.462282,     283.940163,     283.940163,       0.000000,     -86.301410,       0.000000,      24.986989,      39.570700,       0.000000,       0.000000,       0.000000,      13.957269,       9.279128,      13.957269,739529802.452223,-211697357.781388,81363540.349797,-134468651.226250,       0.123590,       1.014793,       0.118660
2009-05-30 24:00:00,  529655.300159,     281.456864,     281.456864,       0.000000,     -93.004079,      50.254859,      24.985909,      39.568990,       0.000000,       0.000000,       0.000000,      14.072013,       9.297440,      14.072013,694646638.447085,-228139004.709643,64078882.679232,-151198450.531188,       0.000000,       0.444471,       0.118660
2009-05-31 24:00:00,  529558.567307,     260.134745,     260.134745,       0.000000,    -103.680884,      10.050523,      24.983543,      39.565242,       0.000000,       0.000000,       0.000000,      14.315787,       9.312052,      14.315787,1056973504.736261,-254329209.644763,49548543.433649,-245179412.785173,       0.000000,       1.513191,       0.118660
2009-06-01 24:00:00,  529524.097452,     260.416104,     260.416104,       0.000000,     -43.411651,      10.049480,      24.982699,      39.563907,       0.000000,       0.000000,       0.000000,      15.014487,       9.328946,      15.014487,808675158.110536,-106488779.402904,70416928.760947,-132828171.277076,       0.000000,      14.487323,       0.118660
2009-06-02 24:00:00,  529478.505299,     259.046008,     259.046008,       0.000000,     -44.125225,       0.000000,      24.981584,      39.562140,       0.000000,       0.000000,       0.000000,      14.896886,       9.335774,      14.896886,447079332.965310,-108239177.777625,-28006735.953151,-215890074.815090,       0.000000,       3.378931,       0.118660
2009-06-03 24:00:00,  529377.769796,     242.091070,     242.091070,       0.000000,     -97.487448,       0.000000,      24.979120,      39.558238,       0.000000,       0.000000,       0.000000,      15.345645,       9.349017,      15.345645,1040485513.688757,-239136710.688258,-32195938.094639,-290735692.405192,       0.000000,       0.842252,       0.118660
2009-06-04 24:00:00,  529308.465772,     242.996312,     242.996312,       0.000000,     -67.063831,       0.000000,      24.977424,      39.555553,       0.000000,       0.000000,       0.000000,      15.351506,       9.356766,      15.351506,733411670.068314,-164507578.087467, 3663698.195209,-209228011.356596,       0.123740,       0.546251,       0.118660
2009-06-05 24:00:00,  529205.891177,     237.650491,     237.650491,       0.000000,     -99.250632,       0.000000,      24.974915,      39.551579,       0.000000,       0.000000,       0.000000,      15.759247,       9.369790,      15.759247,963404602.105996,-243461799.087988,76414560.683186,-155058346.888999,       0.123715,       2.080992,       0.118660
2009-06-06 24:00:00,  529097.055321,     242.237866,     242.237866,       0.000000,    -115.343514,      10.045324,      24.972253,      39.547363,       0.000000,       0.000000,       0.000000,      15.160430,       9.384252,      15.160430,241068096.237682,-282937638.973610,-76350238.946301,-158297864.915580,       0.123848,       2.328604,       0.118660
2009-06-07 24:00:00,  529151.094258,     252.024266,     252.024266,       0.000000,     -58.219341,     110.496196,      24.973575,      39.549456,       0.000000,       0.000000,       0.000000,      15.304644,       9.397530,      15.304644,603753756.513258,-142812042.756785,-31983798.077896,-176985279.815554,       2.043378,       0.658504,       0.118660
2009-06-08 24:00:00,  529969.698962,     412.949381,     412.949381,     463.000818,     -26.547932,    1265.982341,      24.993600,      39.581170,       0.000000,       0.000000,       0.000000,      15.333969,       9.413060,      15.333969,318819759.197686,-65122077.774434,-11456657.164604,-102195600.583713,       0.123839,     -88.004997,       0.118655
2009-06-09 24:00:00,  529912.142102,     538.863650,     538.863650,       0.000000,     -55.728955,       0.000000,      24.992192,      39.578940,       0.000000,       0.000000,       0.000000,      15.839649,       9.422766,      15.839649,736912601.702621,-136703126.224925,-28673925.468363,-166740069.989157,       0.000000,       1.683815,       0.118655
2009-06-10 24:00:00,  529860.105826,     407.077541,     407.077540,       0.000000,     -50.380985,       0.000000,      24.990919,      39.576924,       0.000000,       0.000000,       0.000000,      16.482670,       9.429662,      16.482670,933090732.604366,-123584555.125753, 1614840.258442,-187125161.065859,       0.123847,       1.439785,       0.118655
2009-06-11 24:00:00,  529789.696968,     287.964820,     287.964820,       0.000000,     -68.165070,       0.000000,      24.989197,      39.574196,       0.000000,       0.000000,       0.000000,      16.687096,       9.437698,      16.687096,820237772.678366,-167208915.623469,20861908.534822,-156469142.689115,       0.123854,       2.134198,       0.118655
2009-06-12 24:00:00,  529783.265718,     261.260181,     261.260181,       0.000000,     -46.433344,      40.206877,      24.989039,      39.573947,       0.000000,       0.000000,       0.000000,      17.199767,       9.444026,      17.199767,826293338.057275,-113900991.766004, 6687162.003245,-180662540.757874,       0.000000,      10.053704,       0.051141
2009-06-13 24:00:00,  529949.123927,     260.856492,     260.856492,       0.000000,     -40.475909,     201.050943,      24.993097,      39.580372,       0.000000,       0.000000,       0.000000,      17.819560,       9.450148,      17.819560,698736864.529019,-99287404.735017,-6460469.346510,-182318133.041250,       0.247781,       1.468740,       0.070628
2009-06-14 24:00:00,  529897.864223,     262.997267,     262.997267,       0.000000,     -49.630936,       0.000000,      24.991843,      39.578387,       0.000000,       0.000000,       0.000000,      19.714203,       9.456156,      19.714203,1009336782.473930,-121744687.185215,14668084.336915,-179186774.768476,       0.309652,       7.403575,       0.085114
2009-06-15 24:00:00,  529819.899301,     252.586984,     252.586980,       0.000000,     -75.482897,       0.000000,      24.989935,      39.575366,       0.000000,       0.000000,       0.000000,      18.831599,       9.463294,      18.831599,919569956.580942,-185159545.706841,40573292.263074,-154816351.068871,       0.000000,       3.189614,       0.057793
2009-06-16 24:00:00,  529696.757645,     242.445827,     242.445827,       0.000000,    -129.260706,      10.050849,      24.986923,      39.570596,       0.000000,       0.000000,       0.000000,      18.516306,       9.480902,      18.516306,443024926.730469,-317076512.602269,20248604.707365,-148399322.529336,       0.805579,       1.659217,       0.069871
2009-06-17 24:00:00,  529834.925335,     233.674766,     233.674766,       0.000000,     -27.070097,     160.823197,      24.990303,      39.575948,       0.000000,       0.000000,       0.000000,      19.560532,       9.486904,      19.560532,699017352.617351,-66402947.411867,-2373877.905096,-156005914.632490,       0.929289,       2.405750,       0.069811
2009-06-18 24:00:00,  529969.698962,     222.665066,     222.665066,    2070.475801,     -22.744244,    2152.016833,      24.993600,      39.581170,       0.000000,       0.000000,       0.000000,      19.281706,       9.501163,      19.281706,752766441.143581,-55791629.567464,68287372.745855,-118310821.052452,       0.991140,     -13.148929,       0.084877
2009-06-19 24:00:00,  529969.698962,     621.314070,     621.314070,     176.327297,      -0.179470,     170.923416,      24.993600,      39.581170,       0.000000,       0.000000,       0.000000,      19.196511,       9.513987,      19.196511,591405449.312914, -440239.194682,78978622.752614,-81187498.158062,       0.371820,     -57.599043,       0.053132
2009-06-20 24:00:00,  529939.600024,     902.795400,     902.795400,       0.000000,     -29.143434,       0.000000,      24.992864,      39.580003,       0.000000,       0.000000,       0.000000,      20.565752,       9.523056,      20.565752,920704833.769462,-71488842.805194,86015586.258587,-84830510.784498,       0.065825,      12.093232,       0.053046
2009-06-21 24:00:00,  529913.044132,     595.208848,     595.208848,       0.000000,     -25.712142,       0.000000,      24.992214,      39.578975,       0.000000,       0.000000,       0.000000,      20.777670,       9.529194,      20.777670,433018608.094203,-63071885.538477,59365349.373357,-29416740.865068,       0.000000,       2.233949,       0.053018
2009-06-22 24:00:00,  529942.799441,     375.504168,     375.504168,       0.000000,     -11.402895,      40.212037,      24.992942,      39.580127,       0.000000,       0.000000,       0.000000,      22.043371,       9.534377,      22.043371,753126694.806179,-27971300.859108,33790085.038369,-89972920.641298,       0.000000,       9.550514,       0.053016
2009-06-23 24:00:00,  529919.169636,     311.097423,     311.097423,       0.000000,     -22.879139,       0.000000,      24.992364,      39.579212,       0.000000,       0.000000,       0.000000,      22.954458,       9.539197,      22.954458,951104861.317711,-56122527.012840,71477883.123374,-271637683.067077,       0.123894,       7.134732,       0.053016
2009-06-24 24:00:00,  529870.213041,     267.009691,     267.009691,       0.000000,     -47.399682,       0.000000,      24.991166,      39.577315,       0.000000,       0.000000,       0.000000,      23.575671,       9.543977,      23.575671,878345584.983421,-116271419.563666,41514385.061704,-258171893.687760,       0.123901,      90.796248,       0.053016
2009-06-25 24:00:00,  529822.424622,     245.528543,     245.528543,       0.000000,     -46.266473,       0.000000,      24.989997,      39.575464,       0.000000,       0.000000,       0.000000,      23.660904,       9.549391,      23.660904,787350331.516854,-113491657.102316,33196775.381182,-123135355.819496,       0.000000,       6.956081,       0.053016
2009-06-26 24:00:00,  529725.969364,     234.078455,     234.078455,       0.000000,     -93.376845,       0.000000,      24.987638,      39.571727,       0.000000,       0.000000,       0.000000,      24.172143,       9.554072,      24.172143,959362998.676994,-229053401.040558, -316875.399406,-250834736.859157,       0.000000,       5.358698,       0.053016
2009-06-27 24:00:00,  529557.386587,     219.900408,     219.900408,       0.000000,    -163.181549,       0.000000,      24.983514,      39.565196,       0.000000,       0.000000,       0.000000,      23.336245,       9.563151,      23.336245,488377167.842969,-400284339.805005,10820944.466841,-175689165.820917,       0.000000,       1.201092,       0.053016
2009-06-28 24:00:00,  529218.722919,     219.435554,     219.435554,       0.000000,    -327.733114,       0.000000,      24.975229,      39.552076,       0.000000,       0.000000,       0.000000,      21.849031,       9.581207,      21.849031,988906029.142291,-803929327.514508,-38441222.241498,-317315542.626585,       0.000000,       0.932797,       0.053016
2009-06-29 24:00:00,  528980.854921,     236.145832,     236.145832,       0.000000,    -230.124980,       0.000000,      24.969410,      39.542861,       0.000000,       0.000000,       0.000000,      21.451276,       9.598577,      21.451276,635768588.721619,-564496575.633924,-87731553.981536,-279056718.114839,       0.000000,       4.008191,       0.053016
2009-06-30 24:00:00,  528816.493001,     233.479038,     233.479038,       0.000000,    -179.064865,      20.084648,      24.965389,      39.536494,       0.000000,       0.000000,       0.000000,      20.844477,       9.609229,      20.844477,257818843.430321,-439246114.963094,-152897067.537073,-210000337.991437,       0.000000,       2.182763,       0.053016
2009-07-01 24:00:00,  528663.308918,     221.246038,     221.246038,       0.000000,    -148.145158,       0.000000,      24.961642,      39.530559,       0.000000,       0.000000,       0.000000,      20.385536,       9.617615,      20.385536,318179283.998792,-363400071.547030,-147451950.431411,-256811770.134558,       0.000000,       7.387371,       0.053016
2009-07-02 24:00:00,  528559.129877,     221.160407,     221.160407,       0.000000,    -100.739310,       0.000000,      24.959093,      39.526523,       0.000000,       0.000000,       0.000000,      20.216982,       9.625071,      20.216982,411178904.435215,-247113528.519549,-65025538.541415,-236651357.404081,       0.000000,       7.035055,       0.053016
2009-07-03 24:00:00,  528496.779282,     220.903514,     220.903514,       0.000000,     -60.286961,       0.000000,      24.957568,      39.524108,       0.000000,       0.000000,       0.000000,      20.898805,       9.637475,      20.898805,814056948.424048,-147883915.965306,-14164912.332655,-206030342.339598,       0.000000,      71.425121,       0.053016
2009-07-04 24:00:00,  528438.568167,     215.802353,     215.802353,       0.000000,     -56.281154,       0.000000,      24.956144,      39.521853,       0.000000,       0.000000,       0.000000,      20.797205,       9.649861,      20.797205,488576905.737551,-138057671.680118,-12958121.439194,-122377737.781630,       0.000000,       4.307142,       0.053016
2009-07-05 24:00:00,  528333.613112,     213.465850,     213.465850,       0.000000,    -101.467387,       0.000000,      24.953577,      39.517787,       0.000000,       0.000000,       0.000000,      21.764976,       9.654707,      21.764976,1067535307.287933,-248899499.476385,10383137.748146,-204302915.447591,       0.000000,       5.197742,       0.053016
2009-07-06 24:00:00,  528187.189036,     212.242550,     212.242550,       0.000000,    -141.540969,       0.000000,      24.949995,      39.512114,       0.000000,       0.000000,       0.000000,      21.710808,       9.660734,      21.710808,1048126553.396933,-347199997.862102,14560740.472278,-215960686.713334,       0.000000,      14.121547,       0.053016
2009-07-07 24:00:00,  528125.827922,     210.652260,     210.652255,       0.000000,     -89.414834,      30.106080,      24.948494,      39.509737,       0.000000,       0.000000,       0.000000,      21.970372,       9.665207,      21.970372,744829784.093108,-219334587.468125,-15259110.068721,-195690403.295398,       0.000000,       1.785597,       0.053016
2009-07-08 24:00:00,  528064.966167,     209.477892,     209.477892,       0.000000,    -108.997361,      50.174372,      24.947005,      39.507379,       0.000000,       0.000000,       0.000000,      21.315629,       9.671116,      21.315629,306449023.564827,-267370527.227592,-77559752.053136,-225587894.408291,       0.000000,       5.879257,       0.053016
2009-07-09 24:00:00,  527965.769606,     199.936152,     199.936152,       0.000000,     -95.865335,       0.000000,      24.944578,      39.503536,       0.000000,       0.000000,       0.000000,      21.533607,       9.677196,      21.533607,763118813.082569,-235157666.382308,-21296792.943006,-221606424.158271,       0.000000,       3.290405,       0.053016
2009-07-10 24:00:00,  528049.424851,     209.673620,     209.673620,       0.000000,     -59.636634,     140.477992,      24.946625,      39.506777,       0.000000,       0.000000,       0.000000,      21.911272,       9.686253,      21.911272,602226283.327495,-146288663.930434,-1947479.113394,-105164059.072717,       0.000000,       3.209135,       0.050335
2009-07-11 24:00:00,  528541.205637,     244.415340,     244.415340,       0.000000,    -156.992675,     632.261562,      24.958655,      39.525829,       0.000000,       0.000000,       0.000000,      21.889381,       9.694124,      21.889381,963380661.197002,-385103032.230197, 2263665.927899,-215504642.273523,       0.000000,       2.133285,       0.053016
2009-07-12 24:00:00,  528418.828653,     237.271268,     237.271268,       0.000000,    -118.321256,       0.000000,      24.955661,      39.521088,       0.000000,       0.000000,       0.000000,      22.273870,       9.698379,      22.273870,891505526.535471,-290242039.822378,-22181105.401234,-266882708.796719,       0.000000,      16.571023,       0.053016
2009-07-13 24:00:00,  528308.144548,     207.985466,     207.985466,       0.000000,    -107.003631,       0.000000,      24.952954,      39.516800,       0.000000,       0.000000,       0.000000,      23.243385,       9.702169,      23.243385,1006254703.643851,-262479907.047067,-26892064.535621,-318839898.267888,       0.000000,       4.232814,       0.053016
2009-07-14 24:00:00,  528089.359313,     193.244701,     193.244701,       0.000000,    -211.476475,       0.000000,      24.947602,      39.508324,       0.000000,       0.000000,       0.000000,      21.895060,       9.711298,      21.895060,526222649.239194,-518751794.025480,-49695539.348808,-218193744.834480,       0.000000,       6.012160,       0.053016
2009-07-15 24:00:00,  528155.508008,     199.532463,     199.532463,       0.000000,    -136.785574,     200.707784,      24.949220,      39.510887,       0.000000,       0.000000,       0.000000,      22.059288,       9.725044,      22.059288,847200587.896476,-335535012.243806, 2631277.392190,-182654838.727274,       0.000000,       3.496012,       0.053016
2009-07-16 24:00:00,  527933.930125,     207.422748,     207.422748,       0.000000,    -214.143558,       0.000000,      24.943799,      39.502303,       0.000000,       0.000000,       0.000000,      21.854045,       9.735308,      21.854045,901717646.892250,-525294146.694093,-63991425.237607,-290698317.705660,       0.000000,       7.803979,       0.079856
2009-07-17 24:00:00,  527724.905974,     202.211490,     202.211490,       0.000000,    -212.000658,      10.032351,      24.938686,      39.494205,       0.000000,       0.000000,       0.000000,      21.243519,       9.744626,      21.243519,403000207.705228,-520037614.488220,-177206938.138214,-262999113.303850,       0.000000,       2.173460,       0.291205
2009-07-18 24:00:00,  527594.498512,     201.746636,     201.746636,       0.000000,    -125.984211,       0.000000,      24.935496,      39.489153,       0.000000,       0.000000,       0.000000,      20.925143,       9.750307,      20.925143,314499832.641388,-309039268.988956,-112633436.685023,-221136914.717257,       0.000000,       5.046609,       0.294025
2009-07-19 24:00:00,  527503.008164,     198.810716,     198.810716,       0.000000,     -88.377414,       0.000000,      24.933258,      39.485609,       0.000000,       0.000000,       0.000000,      21.545312,       9.755824,      21.545312,845064605.330253,-216789797.041255,-52933009.975891,-296868772.852941,       0.123946,      14.511718,       0.295224
2009-07-20 24:00:00,  527413.746618,     193.623924,     193.623924,       0.000000,     -86.216881,       0.000000,      24.931074,      39.482150,       0.000000,       0.000000,       0.000000,      21.430464,       9.769644,      21.430464,794138453.188401,-211490008.684899,-16679049.545927,-254689088.137314,       0.000000,      10.475610,       0.299344
2009-07-21 24:00:00,  527665.970786,     197.611882,     197.611882,       0.000000,     -77.303050,     320.931890,      24.937244,      39.491922,       0.000000,       0.000000,       0.000000,      21.025299,       9.779256,      21.025299,275229989.744154,-189624380.696568,-51889098.855363,-192860639.856536,       0.495667,       8.919865,       0.291301
2009-07-22 24:00:00,  527879.373639,     225.087200,     225.087200,       0.000000,     -54.649812,     260.815679,      24.942465,      39.500189,       0.000000,       0.000000,       0.000000,      21.265353,       9.783250,      21.265353,677254392.412433,-134055989.306721,-30499830.365294,-227315599.578050,       0.000000,       9.142635,       0.292026
2009-07-23 24:00:00,  527793.522352,     240.109324,     240.109324,       0.000000,     -82.953657,       0.000000,      24.940365,      39.496863,       0.000000,       0.000000,       0.000000,      21.509351,       9.787487,      21.509351,729745218.671086,-203485320.962377,-15888434.534576,-204411427.231091,       0.000000,       5.855790,       0.292765
2009-07-24 24:00:00,  527708.299114,     208.217893,     208.217893,       0.000000,    -112.434482,      30.094400,      24.938280,      39.493562,       0.000000,       0.000000,       0.000000,      20.662144,       9.803554,      20.662144,291983291.611266,-275801785.121412,-22291966.263282,-121915175.379995,       0.000000,       2.585453,       0.107122
2009-07-25 24:00:00,  527632.812785,     214.811480,     214.811480,       0.000000,    -133.109556,      60.180944,      24.936433,      39.490637,       0.000000,       0.000000,       0.000000,      20.721816,       9.812793,      20.721816,755006983.193460,-326517740.424240,-14166993.000670,-210451105.118072,       0.000000,       3.654427,       0.107122
2009-07-26 24:00:00,  527531.985790,     230.017099,     230.017099,       0.000000,     -97.399615,       0.000000,      24.933967,      39.486731,       0.000000,       0.000000,       0.000000,      20.962137,       9.818744,      20.962137,660214662.254083,-238921255.646115,-7936847.932971,-172776210.158189,       0.123792,      15.880787,       0.067236
2009-07-27 24:00:00,  527449.842707,     192.596352,     192.596352,       0.000000,     -79.343677,       0.000000,      24.931957,      39.483549,       0.000000,       0.000000,       0.000000,      21.069025,       9.825383,      21.069025,610494583.201718,-194630040.618675,44009936.291404,-111296932.978011,       0.000000,       2.132630,       0.067236
2009-07-28 24:00:00,  527318.468897,     197.881008,     197.881008,       0.000000,    -126.883576,       0.000000,      24.928743,      39.478459,       0.000000,       0.000000,       0.000000,      21.427992,       9.829816,      21.427992,946296717.382498,-311245411.533497,-2657835.955331,-233677860.360639,       0.123773,      18.818231,       0.068178
2009-07-29 24:00:00,  527175.813539,     204.768187,     204.768187,       0.000000,    -137.760948,       0.000000,      24.925254,      39.472933,       0.000000,       0.000000,       0.000000,      21.538971,       9.833737,      21.538971,895116425.655832,-337927605.781700,-36626162.291831,-278746080.174726,       0.000000,       4.425397,       0.068178
2009-07-30 24:00:00,  527278.123636,     197.134795,     197.134795,       0.000000,    -111.763798,     210.554086,      24.927756,      39.476896,       0.000000,       0.000000,       0.000000,      21.263780,       9.838746,      21.263780,450474493.685736,-274156596.881916,-52128225.267456,-194736030.177725,       0.123752,       3.646114,       0.068178
2009-07-31 24:00:00,  527148.334338,     191.568780,     191.568780,       0.000000,    -125.332103,       0.000000,      24.924581,      39.471868,       0.000000,       0.000000,       0.000000,      21.346070,       9.843267,      21.346070,857587641.444147,-307439649.287759,-36657156.297939,-253356704.839922,       0.000000,       2.114013,       0.068178
2009-08-01 24:00:00,  526958.414396,     200.241977,     200.241977,       0.000000,    -183.369185,       0.000000,      24.919935,      39.464511,       0.000000,       0.000000,       0.000000,      21.120624,       9.852434,      21.120624,642726783.410777,-449804609.779855,-71412680.387671,-204000060.067342,       0.000000,       2.361423,       0.059067
2009-08-02 24:00:00,  526762.862637,     178.711897,     178.711897,       0.000000,    -188.771078,       0.000000,      24.915152,      39.456935,       0.000000,       0.000000,       0.000000,      21.076695,       9.860897,      21.076695,886587547.547408,-463055455.542347,-52375022.549714,-265453595.619888,       0.000000,       1.373305,       0.052725
2009-08-03 24:00:00,  526669.953561,     189.513636,     189.513636,       0.000000,    -109.718388,      20.043490,      24.912879,      39.453336,       0.000000,       0.000000,       0.000000,      21.280018,       9.873746,      21.280018,804488980.960219,-269139205.909003,67495635.139990,-140384486.004844,       0.123608,       3.504862,       0.059899
2009-08-04 24:00:00,  526575.985295,     221.209339,     221.209339,       0.000000,     -90.688618,       0.000000,      24.910580,      39.449695,       0.000000,       0.000000,       0.000000,      21.620753,       9.877312,      21.620753,842022229.946135,-222459180.608583, 4007832.306345,-200605647.743406,       0.000000,      12.142921,       0.059899
2009-08-05 24:00:00,  526464.991933,     187.886647,     187.886647,       0.000000,    -107.108746,       0.000000,      24.907865,      39.445395,       0.000000,       0.000000,       0.000000,      21.831294,       9.880329,      21.831294,821892895.833102,-262737752.882330,-30488288.867204,-265478461.496546,       0.000000,      17.024110,       0.074850
2009-08-06 24:00:00,  526372.594567,     182.785486,     182.785486,       0.000000,     -89.154654,       0.000000,      24.905605,      39.441816,       0.000000,       0.000000,       0.000000,      22.418140,       9.883193,      22.418140,805808765.276934,-218696366.193271,-14425738.016419,-230291238.880916,       0.000000,     146.881629,       0.074850
2009-08-07 24:00:00,  526532.874288,     180.681410,     180.681410,       0.000000,     -95.814987,     250.462146,      24.909526,      39.448025,       0.000000,       0.000000,       0.000000,      21.500237,       9.889615,      21.500237,137003367.438698,-235034164.319635,-76164171.416681,-158602259.487993,       0.247101,       2.330214,       0.074850
2009-08-08 24:00:00,  527540.768520,     254.446400,     254.446400,       0.000000,     -19.333724,     992.297706,      24.934181,      39.487071,       0.000000,       0.000000,       0.000000,      21.840013,       9.900797,      21.840013,429506663.102105,-47425623.847259,52637221.848646,-48588686.232056,       0.000000,       1.816840,       0.074850
2009-08-09 24:00:00,  527689.135670,     329.924010,     329.924010,       0.000000,      -7.129152,     150.452124,      24.937811,      39.492819,       0.000000,       0.000000,       0.000000,      22.012960,       9.909458,      22.012960,429865005.790220,-17487809.120740,82062107.478439,-30937859.785529,       0.432168,       1.460973,       0.059899
2009-08-10 24:00:00,  527673.455444,     297.628890,     297.628890,       0.000000,     -35.211199,      20.062334,      24.937427,      39.492212,       0.000000,       0.000000,       0.000000,      22.525605,       9.912899,      22.525605,521575239.280120,-86373071.459335, 7470746.752598,-105881659.885068,       0.246846,       8.110663,       0.074850
2009-08-11 24:00:00,  527581.688557,     246.715144,     246.715144,       0.000000,     -88.651422,       0.000000,      24.935182,      39.488657,       0.000000,       0.000000,       0.000000,      22.980335,       9.916097,      22.980335,892407341.653226,-217461938.919720,-3362602.725082,-207565680.953001,       0.185146,       8.323424,       0.074850
2009-08-12 24:00:00,  527483.802797,     208.523718,     208.523718,       0.000000,     -94.553798,       0.000000,      24.932788,      39.484865,       0.000000,       0.000000,       0.000000,      23.167488,       9.918717,      23.167488,842396119.606991,-231940467.523307,-6420824.592353,-218207795.175797,       0.185065,       3.036074,       0.074850
2009-08-13 24:00:00,  527351.201427,     181.085099,     181.085099,       0.000000,    -128.073320,       0.000000,      24.929544,      39.479727,       0.000000,       0.000000,       0.000000,      23.092455,       9.923275,      23.092455,810058255.448771,-314163854.455032, 5198975.505353,-188666892.176368,       0.123350,       2.886040,       0.074850
2009-08-14 24:00:00,  527236.144120,     173.158115,     173.158115,       0.000000,    -111.114779,       0.000000,      24.926729,      39.475270,       0.000000,       0.000000,       0.000000,      23.685292,       9.927993,      23.685292,852512242.086388,-272564552.414333, 8294490.711944,-168229450.585988,       0.123311,       2.983207,       0.074850
2009-08-15 24:00:00,  527100.165910,     179.213450,     179.213450,       0.000000,    -131.302694,       0.000000,      24.923403,      39.470002,       0.000000,       0.000000,       0.000000,      23.480561,       9.930792,      23.480561,720742880.643042,-322085508.590130,12888633.178766,-164096643.541071,       0.184920,      20.475486,       0.074850
2009-08-16 24:00:00,  527007.304663,     174.002192,     174.002192,       0.000000,     -89.658120,       0.000000,      24.921131,      39.466405,       0.000000,       0.000000,       0.000000,      23.291455,       9.938400,      23.291455,372782314.055012,-219931369.162075,-5049436.881662,-125082463.506560,       0.184883,       5.204620,       0.074850
2009-08-17 24:00:00,  526987.802117,     194.994020,     194.994020,       0.000000,     -48.902211,      30.073167,      24.920654,      39.465649,       0.000000,       0.000000,       0.000000,      23.382289,       9.941179,      23.382289,421252690.498052,-119957124.486260,-10586602.832392,-121930478.625354,       0.123236,       4.998784,       0.074850
2009-08-18 24:00:00,  526815.094296,     204.963915,     204.963915,       0.000000,    -166.725853,       0.000000,      24.916429,      39.458958,       0.000000,       0.000000,       0.000000,      23.361128,       9.944772,      23.361128,828667163.749994,-408978517.960231,-73729539.677707,-263237771.893374,       0.184862,       2.945127,       0.074850
2009-08-19 24:00:00,  526756.342824,     183.531699,     183.531699,       0.000000,    -156.926636,     100.213865,      24.914992,      39.456682,       0.000000,       0.000000,       0.000000,      23.167624,       9.949839,      23.167624,636795282.995545,-384941038.735869,-64322962.096290,-229023865.985920,       0.431238,      10.010253,       0.074850
2009-08-20 24:00:00,  527016.658188,     171.310932,     171.310932,       0.000000,    -169.694560,     420.970080,      24.921360,      39.466767,       0.000000,       0.000000,       0.000000,      22.820453,       9.956664,      22.820453,476342647.930079,-416260755.908448,-115524283.511181,-206910801.959260,       0.123203,       2.552893,       0.074850
2009-08-21 24:00:00,  526971.043258,     215.092839,     215.092839,       0.000000,    -194.406886,     150.362534,      24.920244,      39.465000,       0.000000,       0.000000,       0.000000,      22.373479,       9.963285,      22.373479,445552514.643874,-476880092.199742,-172649025.527557,-237946996.131878,       0.184758,       5.125318,       0.074850
2009-08-22 24:00:00,  526819.000895,     228.292246,     228.292246,       0.000000,    -146.775206,       0.000000,      24.916525,      39.459110,       0.000000,       0.000000,       0.000000,      22.319489,       9.969493,      22.319489,794714303.192882,-360039581.335526,-98539022.058177,-309873212.467379,       0.123125,     188.985596,       0.074850
2009-08-23 24:00:00,  526720.624869,     184.094417,     184.094417,       0.000000,     -94.956254,       0.000000,      24.914118,      39.455299,       0.000000,       0.000000,       0.000000,      22.328881,       9.978106,      22.328881,667295263.905507,-232927691.398276,-56948117.248223,-268985821.037295,       0.123071,       4.067068,       0.074850
2009-08-24 24:00:00,  526551.640240,     159.298126,     159.298126,       0.000000,    -163.089104,       0.000000,      24.909985,      39.448752,       0.000000,       0.000000,       0.000000,      22.244571,       9.990696,      22.244571,869179414.594318,-400057571.771252,-69755664.615324,-253651645.500417,       0.184545,       1.763800,       0.074850
2009-08-25 24:00:00,  526531.173446,     188.339268,     188.339268,       0.000000,     -89.891375,      70.139109,      24.909484,      39.447959,       0.000000,       0.000000,       0.000000,      22.151191,       9.999225,      22.151191,359646786.174599,-220503541.694596,-41627802.631942,-147714439.779919,       0.614777,       9.199772,       0.051158
2009-08-26 24:00:00,  526402.529529,     218.200021,     218.200021,       0.000000,    -124.135125,       0.000000,      24.906337,      39.442975,       0.000000,       0.000000,       0.000000,      22.047265,      10.003736,      22.047265,638669036.338624,-304503462.698884,-39527851.566561,-263021516.300041,       0.122973,       6.379313,       0.074850
2009-08-27 24:00:00,  526444.791056,     197.966639,     197.966639,       0.000000,    -109.505711,     150.280593,      24.907371,      39.444613,       0.000000,       0.000000,       0.000000,      21.667836,      10.007749,      21.667836,154828527.555167,-268617509.467775,-101376481.938612,-178533995.968194,       0.184437,       3.212789,       0.062535
2009-08-28 24:00:00,  526471.811646,     191.568780,     191.568780,       0.000000,    -104.169939,     130.234790,      24.908032,      39.445659,       0.000000,       0.000000,       0.000000,      21.790954,      10.010600,      21.790954,716325379.997356,-255528861.091253,-73730869.685966,-295157938.048399,       0.245853,       3.125254,       0.073657
2009-08-29 24:00:00,  526214.984812,     213.710510,     213.710510,       0.000000,    -257.813136,      10.017157,      24.901749,      39.435710,       0.000000,       0.000000,       0.000000,      20.944320,      10.027624,      20.944320,431443045.916062,-632415622.080399,-272920354.233004,-289389907.939616,       0.184389,       1.276979,       0.054555
2009-08-30 24:00:00,  526034.947470,     209.514591,     209.514591,       0.000000,    -174.061248,       0.000000,      24.897335,      39.428719,       0.000000,       0.000000,       0.000000,      20.732034,      10.038218,      20.732034,743057832.661503,-426972241.369137,-158728885.612080,-333610568.429028,       0.245785,     174.491190,       0.054555
2009-08-31 24:00:00,  525947.120884,     181.806846,     181.806846,       0.000000,     -85.025926,       0.000000,      24.895178,      39.425304,       0.000000,       0.000000,       0.000000,      21.280884,      10.045655,      21.280884,836824055.792546,-208568595.973816,-55961942.739759,-331665139.445700,       0.184237,     138.747315,       0.054555
2009-09-01 24:00:00,  525870.864341,     182.797719,     182.797719,       0.000000,     -73.818866,       0.000000,      24.893306,      39.422339,       0.000000,       0.000000,       0.000000,      21.589463,      10.052813,      21.589463,840600842.641534,-181077678.892571,-38517363.521619,-293766926.838840,       0.000000,       3.107298,       0.054555
2009-09-02 24:00:00,  525774.548587,     180.632478,     180.632478,       0.000000,     -93.228962,       0.000000,      24.890941,      39.418594,       0.000000,       0.000000,       0.000000,      21.475599,      10.059566,      21.475599,819674749.287837,-228690644.929035,-51094443.048092,-280444023.957541,       0.000000,       4.604662,       0.054555
2009-09-03 24:00:00,  525715.419926,     180.338886,     180.338886,       0.000000,     -57.229220,       0.000000,      24.889489,      39.416294,       0.000000,       0.000000,       0.000000,      22.213056,      10.064253,      22.213056,804385735.697385,-140383277.812743,-28305974.132631,-280590199.545197,       0.000000,       6.431862,       0.054555
2009-09-04 24:00:00,  525648.179686,     177.476364,     177.476364,       0.000000,     -65.076181,       0.000000,      24.887838,      39.413680,       0.000000,       0.000000,       0.000000,      22.198466,      10.066824,      22.198466,796749603.845181,-159631870.794630,-27963611.357213,-280395313.727887,       0.000000,       3.560320,       0.054555
2009-09-05 24:00:00,  525567.205979,     172.167242,     172.167242,       0.000000,     -78.361970,       0.000000,      24.885850,      39.410531,       0.000000,       0.000000,       0.000000,      22.125946,      10.069157,      22.125946,786117931.458321,-192221911.401144,-17490517.186103,-259062578.897200,       0.000000,      19.905380,       0.054555
2009-09-06 24:00:00,  525497.671785,     169.549380,     169.549380,       0.000000,     -67.286391,       0.000000,      24.884142,      39.407827,       0.000000,       0.000000,       0.000000,      22.582806,      10.071262,      22.582806,740677565.817194,-165053518.057455,-19600402.470855,-226714332.012165,       0.000000,      21.360768,       0.054555
2009-09-07 24:00:00,  525429.779304,     173.219280,     173.219280,       0.000000,     -65.693294,       0.000000,      24.882475,      39.405187,       0.000000,       0.000000,       0.000000,      22.778995,      10.073371,      22.778995,753555127.534499,-161145651.126661,-15354561.440642,-240942156.262419,       0.000000,      11.154407,       0.054555
2009-09-08 24:00:00,  525329.632878,     174.442580,     174.442580,       0.000000,     -96.894487,       0.000000,      24.880016,      39.401293,       0.000000,       0.000000,       0.000000,      22.596609,      10.075522,      22.596609,690049238.947354,-237682175.670893,-28831087.920498,-240454346.991927,       0.000000,      37.943978,       0.054555
2009-09-09 24:00:00,  525273.421031,     171.995980,     171.995980,       0.000000,     -54.382289,       0.000000,      24.878636,      39.399107,       0.000000,       0.000000,       0.000000,      22.740575,      10.077543,      22.740575,465719768.557163,-133399754.588098,-18673898.774198,-178572275.376093,       0.000000,      10.854320,       0.054555
2009-09-10 24:00:00,  525210.102804,     169.549380,     169.549380,       0.000000,     -61.253784,       0.000000,      24.877081,      39.396645,       0.000000,       0.000000,       0.000000,      22.954434,      10.079725,      22.954434,554811621.842226,-150255532.085001,-10747786.018629,-167527597.414478,       0.000000,       8.697497,       0.054555
2009-09-11 24:00:00,  525130.431915,     169.427050,     169.427050,       0.000000,     -77.067907,       0.000000,      24.875125,      39.393547,       0.000000,       0.000000,       0.000000,      22.996438,      10.081930,      22.996438,657932652.720887,-189047574.737884,-9969959.191456,-209785190.419501,       0.000000,      11.826596,       0.054555
2009-09-12 24:00:00,  525060.785920,     174.197920,     174.197920,       0.000000,     -67.365550,       0.000000,      24.873415,      39.390838,       0.000000,       0.000000,       0.000000,      23.253713,      10.083991,      23.253713,697486235.403587,-165247694.447398,-16573802.708411,-240356252.643891,       0.000000,      19.385854,       0.054555
2009-09-13 24:00:00,  524982.381923,     172.974620,     172.974620,       0.000000,     -75.831310,       0.000000,      24.871490,      39.387790,       0.000000,       0.000000,       0.000000,      23.384172,      10.086068,      23.384172,704141462.609779,-186014202.662941,-12164164.581447,-230934010.929320,       0.000000,       7.242129,       0.054555
2009-09-14 24:00:00,  524860.296401,     170.405690,     170.405690,       0.000000,    -118.067829,       0.000000,      24.868492,      39.383042,       0.000000,       0.000000,       0.000000,      23.189497,      10.088349,      23.189497,674054776.775781,-289620383.397318,-20071528.249120,-203344170.654112,       0.000000,       7.137653,       0.054555
2009-09-15 24:00:00,  524759.320052,     170.161030,     170.161030,       0.000000,     -97.642509,       0.000000,      24.866013,      39.379116,       0.000000,       0.000000,       0.000000,      23.224704,      10.090441,      23.224704,598194061.212298,-239517073.382356,-18578900.450214,-189047336.994941,       0.000000,      34.139472,       0.054555
2009-09-16 24:00:00,  524606.227638,     168.827633,     168.827633,       0.000000,    -148.019497,       0.000000,      24.862253,      39.373163,       0.000000,       0.000000,       0.000000,      22.680950,      10.092523,      22.680950,377881336.351196,-363091825.536571,-98231005.955778,-228377608.429943,       0.000000,      11.654418,       0.054555
2009-09-17 24:00:00,  524532.707894,     168.705303,     168.705303,       0.000000,     -71.075499,       0.000000,      24.860448,      39.370304,       0.000000,       0.000000,       0.000000,      23.154964,      10.094484,      23.154964,658726506.231910,-174348199.956680,-52535480.983206,-311995014.491566,       0.000000,      22.408148,       0.054555
2009-09-18 24:00:00,  524409.611841,     171.017340,     171.017340,       0.000000,    -118.992181,       0.000000,      24.857426,      39.365517,       0.000000,       0.000000,       0.000000,      22.502432,      10.097049,      22.502432,498419018.070979,-291887819.647825,-59133161.952709,-230400700.173950,       0.000000,       7.449456,       0.054555
2009-09-19 24:00:00,  524303.909819,     166.124140,     166.124140,       0.000000,    -102.166431,       0.000000,      24.854830,      39.361407,       0.000000,       0.000000,       0.000000,      22.610496,      10.100007,      22.610496,648021144.940760,-250614254.367263,-61230357.333532,-273565935.484537,       0.000000,      27.573064,       0.054555
2009-09-20 24:00:00,  524389.962872,     165.096568,     165.096568,       0.000000,    -106.784850,     189.954402,      24.856943,      39.364753,       0.000000,       0.000000,       0.000000,      22.147478,      10.102898,      22.147478,487140629.618179,-261943236.664189,-74785195.237729,-288334568.515076,       0.975763,      13.049857,       0.054555
2009-09-21 24:00:00,  524314.923177,     165.524723,     165.524723,       0.000000,     -72.529360,       0.000000,      24.855101,      39.361835,       0.000000,       0.000000,       0.000000,      21.957645,      10.107827,      21.957645,451083253.443729,-177914519.351975,-60740542.492428,-259922224.407996,       0.426602,       5.898375,       0.054555
2009-09-22 24:00:00,  528055.716474,     433.354025,     433.354025,       0.000000,     -60.712752,    3673.940082,      24.946779,      39.507021,       0.000000,       0.000000,       0.000000,      21.609196,      10.115271,      21.609196,72956066.725553,-148928379.450887,-68353462.321455,-170478787.916225,       0.852844,      19.077512,       0.054555
2009-09-23 24:00:00,  528020.591645,     772.024630,     772.024630,       0.000000,     -33.945967,       0.000000,      24.945919,      39.505660,       0.000000,       0.000000,       0.000000,      21.987278,      10.125847,      21.987278,419212582.978995,-83269457.303855,-21169649.348288,-171839204.819858,       0.121781,       7.658901,       0.054555
2009-09-24 24:00:00,  527986.402613,     638.134445,     638.134445,       0.000000,     -33.040458,       0.000000,      24.945083,      39.504336,       0.000000,       0.000000,       0.000000,      21.769985,      10.147756,      21.769985,369794390.280819,-81048244.541286,-26682560.249661,-182612370.048739,       0.791329,       4.903817,       0.054555
2009-09-25 24:00:00,  528049.893340,     353.117778,     353.117778,       0.000000,     -79.121475,     140.476513,      24.946636,      39.506795,       0.000000,       0.000000,       0.000000,      21.405666,      10.170241,      21.405666,208491241.181731,-194084977.315895,-72012409.199906,-189211803.050749,       0.182619,      13.922932,       0.054555
2009-09-26 24:00:00,  527974.815608,     251.840771,     251.840771,       0.000000,     -72.556223,       0.000000,      24.944799,      39.503887,       0.000000,       0.000000,       0.000000,      21.251118,      10.178717,      21.251118,333641060.583269,-177980415.577797,-67768778.612990,-231349421.372774,       0.000000,       2.577609,       0.054555
2009-09-27 24:00:00,  528378.754348,     238.249908,     238.249908,       0.000000,    -191.631624,     581.981381,      24.954681,      39.519535,       0.000000,       0.000000,       0.000000,      20.770920,      10.198520,      20.770920,478858443.440930,-470072373.613626,-157484547.569031,-294323567.505979,       0.000000,       1.798071,       0.054555
2009-09-28 24:00:00,  528066.803525,     262.030860,     262.030860,       0.000000,    -401.904457,     100.364062,      24.947050,      39.507450,       0.000000,       0.000000,       0.000000,      19.553186,      10.234709,      19.553186,214105547.232804,-985871632.520312,-430072890.164014,-310907706.195884,       0.000000,       0.957866,       0.055557
2009-09-29 24:00:00,  527830.700033,     269.737650,     269.737650,       0.000000,    -228.160526,       0.000000,      24.941274,      39.498304,       0.000000,       0.000000,       0.000000,      18.921590,      10.255412,      18.921590,270341578.745906,-559677771.222412,-284561002.461615,-300991693.815865,       0.000000,       1.924906,       0.334624
2009-09-30 24:00:00,  527697.280189,     227.729528,     227.729528,       0.000000,    -128.907653,       0.000000,      24.938010,      39.493135,       0.000000,       0.000000,       0.000000,      18.651566,      10.282894,      18.651566,622741015.705972,-316210472.698737,-157280679.265380,-384183712.024656,       0.000000,       2.481378,       0.337214
2009-10-01 24:00:00,  528041.836966,     223.203318,     223.203318,       0.000000,    -188.751973,     521.666610,      24.946439,      39.506483,       0.000000,       0.000000,       0.000000,      17.633106,      10.326962,      17.633106,133181835.503174,-463008589.144115,-273458824.044402,-270257489.310982,       0.486108,       0.368808,       0.087129
2009-10-02 24:00:00,  527965.671784,     256.893000,     256.893000,       0.000000,    -143.850337,      70.243148,      24.944576,      39.503532,       0.000000,       0.000000,       0.000000,      17.243740,      10.364808,      17.243740,261279032.129875,-352864875.658629,-215193339.377029,-263626204.380438,       0.000000,       9.787607,       0.088848
2009-10-03 24:00:00,  527907.248485,     272.661337,     272.661337,       0.000000,     -96.592223,      40.134499,      24.943147,      39.501269,       0.000000,       0.000000,       0.000000,      16.970378,      10.403820,      16.970378,214802418.527527,-236940723.628783,-143223362.367106,-241528387.439930,       0.000000,       1.298188,       0.089235
2009-10-04 24:00:00,  527786.369282,     254.947953,     254.947953,       0.000000,    -116.800547,       0.000000,      24.940190,      39.496586,       0.000000,       0.000000,       0.000000,      16.721512,      10.438414,      16.721512,364179086.320713,-286511742.156865,-158448951.701510,-253817995.995656,       0.000000,       5.385297,       0.161170
2009-10-05 24:00:00,  527720.923019,     236.500589,     236.500589,       0.000000,     -63.232153,       0.000000,      24.938589,      39.494051,       0.000000,       0.000000,       0.000000,      16.634904,      10.462622,      16.634904,365804210.035255,-155108471.606411,-65902758.605147,-236605220.004369,       0.000000,       5.575713,       0.161599
2009-10-06 24:00:00,  527807.110416,     204.547993,     204.547993,       0.000000,    -197.637984,     280.905156,      24.940697,      39.497390,       0.000000,       0.000000,       0.000000,      15.987335,      10.526074,      15.987335,97413000.188457,-484805973.933031,-259839808.021885,-191536177.735795,       0.000000,       0.347890,       0.059545
2009-10-07 24:00:00,  527654.574134,     231.693020,     231.693020,       0.000000,    -147.372816,       0.000000,      24.936965,      39.491480,       0.000000,       0.000000,       0.000000,      15.782806,      10.552194,      15.782806,570326298.810052,-361505517.699899,-167766352.840783,-290719658.768915,       0.000000,       1.056654,       0.076204
2009-10-08 24:00:00,  527606.097651,     289.726372,     289.726372,       0.000000,     -86.953096,      40.121885,      24.935780,      39.489602,       0.000000,       0.000000,       0.000000,      15.515323,      10.586609,      15.515323,96310464.815858,-213295943.766767,-111041326.138564,-202447679.044263,       0.000000,       2.915267,       0.056640
2009-10-09 24:00:00,  527453.845485,     246.360387,     246.360387,       0.000000,    -147.069306,       0.000000,      24.932055,      39.483704,       0.000000,       0.000000,       0.000000,      15.122404,      10.630717,      15.122404,163634930.880278,-360761006.768610,-208948494.550501,-259050624.913203,       0.000000,       0.922279,       0.411495
2009-10-10 24:00:00,  527260.842170,     208.670514,     208.670514,       0.000000,    -186.401847,       0.000000,      24.927334,      39.476227,       0.000000,       0.000000,       0.000000,      14.657954,      10.667014,      14.657954,406227065.744902,-457243731.456600,-302620926.838249,-402513891.555518,       0.000000,       0.403665,       0.424300
2009-10-11 24:00:00,  527147.852374,     211.080415,     211.080415,       0.000000,    -109.108580,       0.000000,      24.924570,      39.471850,       0.000000,       0.000000,       0.000000,      14.383026,      10.608514,      14.383026,490339219.513770,-267643347.393954,-200018216.010292,-414539871.434698,       0.000000,       2.709308,       0.418254
2009-10-12 24:00:00,  527060.626677,     211.997890,     211.997890,       0.000000,     -84.221157,       0.000000,      24.922436,      39.468470,       0.000000,       0.000000,       0.000000,      14.085036,      10.523100,      14.085036,102385412.888573,-206594498.599393,-146672465.628892,-266775418.960895,       0.000000,       0.337406,       0.068840
2009-10-13 24:00:00,  526917.029354,     207.202554,     207.202554,       0.000000,    -138.635447,       0.000000,      24.918923,      39.462907,       0.000000,       0.000000,       0.000000,      13.720603,      10.448643,      13.720603,494717688.374435,-340072750.284029,-242253714.242232,-365147871.960306,       0.000000,       0.352760,       0.053438
2009-10-14 24:00:00,  526857.920639,     215.741188,     215.741188,       0.000000,    -117.202135,      60.140996,      24.917477,      39.460617,       0.000000,       0.000000,       0.000000,      13.378747,      10.240371,      13.378747,127770624.862775,-287496836.439013,-192441428.203651,-267159703.405077,       0.000000,       0.081032,       0.056327
2009-10-15 24:00:00,  526912.003011,     217.086818,     217.086818,       0.000000,    -108.166772,     160.373600,      24.918800,      39.462713,       0.000000,       0.000000,       0.000000,      13.040182,      10.103331,      13.040182,129485840.494591,-265333090.570400,-217311930.028717,-285443256.025752,       0.362731,       0.097883,       0.361961
2009-10-16 24:00:00,  526806.689968,     200.511103,     200.511102,       0.000000,    -101.661017,       0.000000,      24.916224,      39.458633,       0.000000,       0.000000,       0.000000,      12.807994,      10.010984,      12.807994,348097460.376173,-249374473.948527,-176592023.010849,-316850907.843442,       0.000000,       0.183333,       0.122806
2009-10-17 24:00:00,  526716.666549,     198.492658,     198.492658,       0.000000,     -86.893251,       0.000000,      24.914022,      39.455145,       0.000000,       0.000000,       0.000000,      12.620129,       9.943938,      12.620129,328913548.128630,-213149143.731058,-137367858.854359,-292693318.115913,       1.447837,       0.048630,       0.116719
2009-10-18 24:00:00,  526574.722978,     169.769574,     169.769574,       0.000000,    -136.992653,       0.000000,      24.910549,      39.449646,       0.000000,       0.000000,       0.000000,      12.425661,       9.842909,      12.425661,500520463.059113,-336042976.755199,-149998492.522784,-298121456.341695,       0.000000,      -0.008754,       0.101178
2009-10-19 24:00:00,  526469.139245,     199.507997,     199.507997,       0.000000,    -101.888599,       0.000000,      24.907966,      39.445556,       0.000000,       0.000000,       0.000000,      12.342219,       9.840956,      12.342219,471799242.860256,-249932733.702063,-55269977.732202,-201226969.974765,       0.000000,      -0.057531,       0.086104
2009-10-20 24:00:00,  526477.388417,     239.656703,     239.656703,       0.000000,     -22.097341,      30.056980,      24.908168,      39.445875,       0.000000,       0.000000,       0.000000,      12.256941,       9.888962,      12.256941,80283933.532861,-54204777.835323,-23002079.824938,-157005487.388926,       1.146570,      -0.173866,       0.087103
2009-10-21 24:00:00,  526511.953076,     177.268403,     177.268403,       0.000000,      -6.723645,      40.077378,      24.909014,      39.447215,       0.000000,       0.000000,       0.000000,      12.351194,       9.917208,      12.351194,280544730.523596,-16493100.681934,66685622.818949,-118076980.370861,       0.542533,      -0.013708,       0.088571
2009-10-22 24:00:00,  527392.782986,     278.496478,     278.496478,       0.000000,     -91.882250,     942.221962,      24.930561,      39.481338,       0.000000,       0.000000,       0.000000,      12.038532,      11.828480,      12.038532,69369983.166411,-225387159.557141,-199546408.969863,-210193455.093826,       0.120639,      -0.040625,       0.371889
2009-10-23 24:00:00,  527801.437126,     464.487010,     464.487010,       0.000000,     -76.658301,     471.414440,      24.940558,      39.497170,       0.000000,       0.000000,       0.000000,      11.816562,      11.335718,      11.816562,67838736.503109,-188042811.178493,-168463365.933202,-184026112.457958,      11.796384,      -0.066774,       0.368962
2009-10-24 24:00:00,  527693.901683,     522.471430,     522.471430,       0.000000,    -103.896887,       0.000000,      24.937928,      39.493004,       0.000000,       0.000000,       0.000000,      11.666666,      10.654763,      11.666666,431930439.721225,-254859064.751427,-164502756.100851,-263996110.666803,       0.000000,      -0.232985,       0.461033
2009-10-25 24:00:00,  527640.735552,     454.504882,     454.504882,       0.000000,     -51.363104,       0.000000,      24.936627,      39.490944,       0.000000,       0.000000,       0.000000,      11.689150,      10.655447,      11.689150,370641805.642183,-125993694.248661,-22018810.334595,-173805671.579017,       0.120457,      -0.476593,       0.088600
2009-10-26 24:00:00,  527779.418582,     332.052552,     332.052552,       0.000000,     -26.517107,     160.500235,      24.940020,      39.496317,       0.000000,       0.000000,       0.000000,      11.528124,      10.532205,      11.528124,54039611.323942,-65046462.282078,-50218458.656653,-206208147.321597,       0.120479,      -0.315798,       0.098835
2009-10-27 24:00:00,  527729.931600,     295.781707,     295.781707,       0.000000,     -47.812821,       0.000000,      24.938809,      39.494400,       0.000000,       0.000000,       0.000000,      11.486994,      10.479985,      11.486994,435935687.317716,-117284850.784951,-56379000.429333,-279763726.048012,       0.000000,      -0.314605,       0.061665
2009-10-28 24:00:00,  527714.024627,     274.985607,     274.985607,       0.000000,     -15.368329,       0.000000,      24.938420,      39.493783,       0.000000,       0.000000,       0.000000,      11.441061,      10.449719,      11.441061,91873094.135654,-37698511.175254,-12343751.261488,-118501579.448554,       0.162425,      -0.169508,       0.059521
2009-10-29 24:00:00,  528309.991104,     250.898830,     250.898830,       0.000000,     -26.107922,     602.003210,      24.952999,      39.516872,       0.000000,       0.000000,       0.000000,      11.401919,      10.471137,      11.401919,74945079.651159,-64042731.617008, 1425559.712328,-76872215.766833,       0.180434,      -0.055083,       0.080351
2009-10-30 24:00:00,  528627.353508,     321.850230,     321.850230,       0.000000,     -84.691904,     391.501843,      24.960762,      39.529166,       0.000000,       0.000000,       0.000000,      11.357773,      11.224108,      11.357773,147084888.801080,-207749240.231932,57187877.036585,-51563218.053342,       0.120270,      -0.015271,       0.372707
2009-10-31 24:00:00,  528489.469124,     580.700510,     580.700510,       0.000000,    -133.325004,       0.000000,      24.957389,      39.523825,       0.000000,       0.000000,       0.000000,      11.059117,      10.791659,      11.059117,144164308.300284,-327046233.868683,-203371208.924372,-241429197.652516,       1.601155,      -0.138669,       0.368259
2009-11-01 24:00:00,  528394.374482,     554.399560,     554.399560,       0.000000,     -91.939589,       0.000000,      24.955063,      39.520141,       0.000000,       0.000000,       0.000000,      10.891830,      10.343005,      10.891830,188459885.959740,-225527811.986699,-78358657.165459,-212501463.491870,       9.524053,      -0.038278,       0.368699
2009-11-02 24:00:00,  528291.781293,     325.079742,     325.079742,       0.000000,    -119.255945,      20.075849,      24.952553,      39.516166,       0.000000,       0.000000,       0.000000,      10.671464,      10.278724,      10.671464,401903800.185154,-292534833.366967,-70760295.160264,-441879619.629812,       0.000000,      -0.114344,       0.372553
2009-11-03 24:00:00,  528198.901952,     273.860171,     273.860171,       0.000000,     -89.780483,       0.000000,      24.950281,      39.512568,       0.000000,       0.000000,       0.000000,      10.500964,      10.153387,      10.500964,331400452.678697,-220231524.674074,-134138379.046388,-291846642.756569,       0.000000,      -0.086084,       0.372593
2009-11-04 24:00:00,  528125.359554,     251.131257,     251.131257,       0.000000,     -71.082866,       0.000000,      24.948482,      39.509719,       0.000000,       0.000000,       0.000000,      10.353098,      10.001631,      10.353098,208749883.473411,-174366270.383952,-101341818.658743,-211865390.859957,       0.120083,      -0.087999,       0.372589
2009-11-05 24:00:00,  528051.681298,     257.211058,     257.211058,       0.000000,     -71.209042,       0.000000,      24.946680,      39.506864,       0.000000,       0.000000,       0.000000,      10.271359,       9.799926,      10.271359,397421261.860398,-174675780.003662,-80161213.550831,-248721540.540766,       0.000000,      -0.238271,       0.428163
2009-11-06 24:00:00,  527960.379953,     212.609540,     212.609540,       0.000000,     -88.234447,       0.000000,      24.944446,      39.503327,       0.000000,       0.000000,       0.000000,      10.243394,       9.953100,      10.243394,339610301.119604,-216439099.228870,40700266.531654,-145480511.808122,       0.000000,      -0.056566,       0.372567
2009-11-07 24:00:00,  527930.608680,     241.357090,     241.357090,       0.000000,     -28.769478,       0.000000,      24.943718,      39.502174,       0.000000,       0.000000,       0.000000,      10.553536,      10.005933,      10.553536,390246990.231965,-70571528.518295,59155185.578881,-105095799.853492,       0.119907,       0.007202,       0.073892
2009-11-08 24:00:00,  527885.810624,     253.223100,     253.223100,       0.000000,     -43.289062,       0.000000,      24.942622,      39.500439,       0.000000,       0.000000,       0.000000,      10.458212,      10.010268,      10.458212,377177082.148394,-106188070.007480,134316266.644625,-96855300.936447,       0.000000,      -0.027345,       0.050689
2009-11-09 24:00:00,  527844.548851,     236.953210,     236.953210,       0.000000,     -39.870210,       0.000000,      24.941613,      39.498840,       0.000000,       0.000000,       0.000000,      10.517569,      10.025650,      10.517569,282151104.935128,-97801625.589736,77533658.361679,-77278069.168147,       0.000000,      -0.060923,       0.127535
2009-11-10 24:00:00,  527773.815547,     257.382320,     257.382320,       0.000000,     -68.344048,       0.000000,      24.939882,      39.496100,       0.000000,       0.000000,       0.000000,      10.445688,      10.037474,      10.445688,289898638.420938,-167647949.594051,-18131042.770191,-185896057.007771,       0.000000,      -0.245016,       0.067641
2009-11-11 24:00:00,  527700.152689,     236.219230,     236.219230,       0.000000,     -71.169613,       0.000000,      24.938080,      39.493246,       0.000000,       0.000000,       0.000000,      10.343401,       9.958994,      10.343401,293815075.074052,-174579061.642552,-60019474.727928,-222930165.058696,       0.000000,      -0.231131,       0.464348
2009-11-12 24:00:00,  527564.740150,     220.071670,     220.071670,       0.000000,    -130.816037,       0.000000,      24.934768,      39.488000,       0.000000,       0.000000,       0.000000,      10.138205,       9.940507,      10.138205,268181591.400419,-320891738.187635,-114699602.029744,-226452266.382359,       0.000000,      -0.037950,       0.372364
2009-11-13 24:00:00,  527426.105655,     227.411470,     227.411470,       0.000000,    -133.910637,       0.000000,      24.931376,      39.482629,       0.000000,       0.000000,       0.000000,       9.967594,       9.707150,       9.967594,243921790.741458,-328482792.188098,-53615191.083206,-183878606.304662,       0.000000,      -0.052935,       0.372217
2009-11-14 24:00:00,  527373.233001,     264.232800,     264.232800,       0.000000,     -51.066177,       0.000000,      24.930083,      39.480581,       0.000000,       0.000000,       0.000000,       9.904519,       9.619585,       9.904519,142156269.648756,-125265331.396346,-13475242.439451,-114012980.254274,       0.000000,      -0.091372,       0.372127
2009-11-15 24:00:00,  527283.399796,     261.663870,     261.663870,       0.000000,     -86.757887,       0.000000,      24.927886,      39.477101,       0.000000,       0.000000,       0.000000,       9.734442,       9.458957,       9.734442,235842272.893415,-212817097.903821,-109760724.757400,-241549758.519794,       0.000000,      -0.119116,       0.372080
2009-11-16 24:00:00,  527194.134811,     249.186210,     249.186210,       0.000000,     -86.201541,       0.000000,      24.925702,      39.473643,       0.000000,       0.000000,       0.000000,       9.543532,       9.190144,       9.543532,182943275.542200,-211452378.960454,-128516603.940626,-222614694.528406,       0.000000,      -0.088968,       0.371997
2009-11-17 24:00:00,  527089.764800,     246.617280,     246.617280,       0.000000,    -100.778637,       0.000000,      24.923149,      39.469599,       0.000000,       0.000000,       0.000000,       9.361009,       8.916539,       9.361009,287320256.092372,-247209997.735839,-133304285.844957,-246162142.424396,       0.000000,      -0.119681,       0.371900
2009-11-18 24:00:00,  527194.600925,     218.726040,     218.726040,       0.000000,     -39.131177,     140.358490,      24.925713,      39.473661,       0.000000,       0.000000,       0.000000,       9.202428,       8.794264,       9.202428,59864666.495606,-95988777.315603,-66640705.422484,-229136675.400582,       1.554598,      -0.486475,       0.372042
2009-11-19 24:00:00,  527229.500829,     208.291291,     208.291291,       0.000000,     -26.457449,      60.158359,      24.926567,      39.475013,       0.000000,       0.000000,       0.000000,       9.086669,       8.614777,       9.086669,94997681.748730,-64900121.365892,-42225459.247925,-221178329.814217,       0.119590,      -0.058206,       0.436765
2009-11-20 24:00:00,  527186.311092,     229.050692,     229.050692,       0.000000,     -41.706223,       0.000000,      24.925510,      39.473340,       0.000000,       0.000000,       0.000000,       9.024831,       8.739051,       9.024831,232264701.644989,-102305365.495438,-32660283.817597,-186434639.993892,       0.000000,      -0.132175,       0.372090
2009-11-21 24:00:00,  527149.019979,     239.534373,     239.534373,       0.000000,     -36.008787,       0.000000,      24.924598,      39.471895,       0.000000,       0.000000,       0.000000,       8.993613,       8.596304,       8.993613,311234204.786155,-88329554.181818,-42752178.430144,-191868610.609001,       0.000000,      -0.104520,       0.153157
2009-11-22 24:00:00,  527117.138966,     231.864282,     231.864282,       0.000000,     -30.783674,       0.000000,      24.923818,      39.470660,       0.000000,       0.000000,       0.000000,       8.968958,       8.506074,       8.968958,205703794.891355,-75512351.803990,-3898948.492429,-131429160.368162,       0.000000,      -0.205449,       0.463816
2009-11-23 24:00:00,  527091.455245,     228.145450,     228.145450,       0.000000,     -24.798985,       0.000000,      24.923190,      39.469665,       0.000000,       0.000000,       0.000000,       8.852584,       8.678933,       8.852584,57885940.514613,-60831911.181706,-47801622.190682,-189331649.329086,       0.537621,      -0.121603,       0.372096
2009-11-24 24:00:00,  527432.752580,     235.815541,     235.815541,       0.000000,     -21.350967,     350.932344,      24.931539,      39.482887,       0.000000,       0.000000,       0.000000,       8.739498,       8.566955,       8.739498,59455182.447504,-52373921.281886,-47082830.699281,-195213197.907856,       0.955483,      -0.704019,       0.372276
2009-11-25 24:00:00,  528019.371144,     253.798051,     253.798051,       0.000000,     -35.135998,     601.880184,      24.945889,      39.505613,       0.000000,       0.000000,       0.000000,       8.580724,       8.425313,       8.580724,57021116.190503,-86188603.755918,-84669495.220495,-222162427.698299,       0.417847,      -0.104117,       0.372610
2009-11-26 24:00:00,  528073.896702,     332.859930,     332.859930,       0.000000,     -97.830655,     150.524199,      24.947223,      39.507725,       0.000000,       0.000000,       0.000000,       8.287036,       8.013684,       8.287036,62556549.483356,-239978596.692656,-227117917.973392,-229048504.921803,       0.000000,      -0.061767,       0.372417
2009-11-27 24:00:00,  528015.198801,     367.821844,     367.821844,       0.000000,     -56.728271,       0.000000,      24.945787,      39.505451,       0.000000,       0.000000,       0.000000,       8.151456,       7.638430,       8.151456,310057808.240465,-139154449.477717,-116565766.264678,-303860792.109617,       0.000000,      -0.157933,       0.372254
2009-11-28 24:00:00,  527984.982046,     313.911013,     313.911013,       0.000000,     -29.201538,       0.000000,      24.945048,      39.504280,       0.000000,       0.000000,       0.000000,       8.199402,       7.351058,       8.199402,306430931.204267,-71631371.728277,-61347107.456782,-234278256.478584,      69.448731,      -0.485510,       0.424992
2009-11-29 24:00:00,  527901.697064,     281.677058,     281.677052,       0.000000,     -80.482382,       0.000000,      24.943011,      39.501054,       0.000000,       0.000000,       0.000000,       7.869408,       7.401615,       7.869408,100022178.225397,-197423281.913197,-167854320.864483,-204621143.432226,       0.000000,      -0.091955,       0.372526
2009-11-30 24:00:00,  527789.551645,     220.940213,     220.940213,       0.000000,    -108.361333,       0.000000,      24.940267,      39.496709,       0.000000,       0.000000,       0.000000,       7.656164,       7.273652,       7.656164,300366644.340326,-265810349.856656,-159682229.763256,-274454700.129252,       0.000000,      -0.041630,       0.372568
2009-12-01 24:00:00,  527719.629012,     223.142153,     223.142153,       0.000000,     -67.557143,       0.000000,      24.938557,      39.494001,       0.000000,       0.000000,       0.000000,       7.581120,       7.183636,       7.581120,304606421.563820,-165717670.591389,-47439450.428786,-194376557.733933,       0.000000,      -0.070380,       0.372523
2009-12-02 24:00:00,  527622.072100,     278.716672,     278.716672,       0.000000,     -94.248883,       0.000000,      24.936170,      39.490221,       0.000000,       0.000000,       0.000000,       7.352389,       6.888496,       7.352389,140818219.509515,-231192508.878808,-171704687.635582,-207894981.547788,       0.000000,      -0.052726,       0.372396
2009-12-03 24:00:00,  527543.882931,     237.638258,     237.638258,       0.000000,     -75.531320,       0.000000,      24.934258,      39.487192,       0.000000,       0.000000,       0.000000,       7.091470,       6.639612,       7.091470,71316038.461975,-185278327.104734,-191136143.992657,-250446714.226001,       0.000000,      -0.219192,       0.372428
2009-12-04 24:00:00,  527439.015223,     189.330141,     189.330141,       0.000000,    -101.293953,       0.000000,      24.931692,      39.483129,       0.000000,       0.000000,       0.000000,       6.726482,       6.676399,       6.676399,170657815.142940,-248474066.384862,-327495993.476806,-358216973.344469,       0.000000,       0.000000,       0.373100
2009-12-05 24:00:00,  527350.360322,     213.490316,     213.490316,       0.000000,     -85.625491,       0.000000,      24.929524,      39.479695,       0.000000,       0.000000,       0.000000,       6.466267,       6.406972,       6.406972,291390933.463938,-210039329.019030,-214431829.093262,-378402859.358874,       0.000000,       0.000000,       0.373035
2009-12-06 24:00:00,  527288.985902,     234.139620,     234.139620,       0.000000,     -59.272828,       0.000000,      24.928022,      39.477317,       0.000000,       0.000000,       0.000000,       6.288376,       6.231375,       6.231375,271876441.995686,-145396247.178991,-142397166.910641,-321788444.707716,       0.000000,       0.000000,       0.372990
2009-12-07 24:00:00,  527233.402429,     217.062352,     217.062352,       0.000000,     -53.677073,       0.000000,      24.926662,      39.475164,       0.000000,       0.000000,       0.000000,       6.058718,       6.013746,       6.013746,112805880.039323,-131669859.809076,-165832435.884812,-292106683.065138,       0.000000,       0.000000,       0.372952
2009-12-08 24:00:00,  527182.259629,     212.193618,     212.193618,       0.000000,     -49.386122,       0.000000,      24.925411,      39.473183,       0.000000,       0.000000,       0.000000,       5.840545,       5.796258,       5.796258,71345935.176612,-121144156.948825,-154144525.957222,-257730726.940052,       0.119076,       0.000000,       0.372916
2009-12-09 24:00:00,  527062.694357,     200.425472,     200.425472,       0.000000,    -115.448884,       0.000000,      24.922486,      39.468551,       0.000000,       0.000000,       0.000000,       5.446967,       5.403179,       5.403179,98212479.330689,-283196112.857154,-389538203.767864,-268355507.228640,       0.000000,       0.000000,       0.372833
2009-12-10 24:00:00,  526919.212117,     202.969936,     202.969936,       0.000000,    -138.524603,       0.000000,      24.918976,      39.462992,       0.000000,       0.000000,       0.000000,       4.859119,       4.816576,       4.816576,308829370.197747,-339800851.621589,-655568042.518803,-538112946.291533,       0.000000,       0.000000,       0.372731
2009-12-11 24:00:00,  526832.768367,     211.961191,     211.961191,       0.000000,     -83.447398,       0.000000,      24.916862,      39.459643,       0.000000,       0.000000,       0.000000,       4.481716,       4.439572,       4.439572,305467665.981885,-204696467.532112,-365709742.389522,-499513906.431020,       0.000000,       0.000000,       0.372669
2009-12-12 24:00:00,  526753.742491,     195.520039,     195.520039,       0.000000,     -76.280442,       0.000000,      24.914929,      39.456582,       0.000000,       0.000000,       0.000000,       4.199813,       4.163036,       4.163036,243363353.946719,-187115924.048838,-259168962.098601,-362966380.875427,       1.785135,       0.000000,       0.372614
2009-12-13 24:00:00,  526738.656333,     199.581395,     199.581395,       0.000000,     -14.561357,       0.000000,      24.914560,      39.455997,       0.000000,       0.000000,       0.000000,       4.067719,       4.030956,       4.030956,66620776.508109,-35719009.225144,-44527412.566683,-260798307.620222,       2.439080,       0.000000,       0.372603
2009-12-14 24:00:00,  526711.224821,     209.331096,     209.331096,       0.000000,     -26.476710,       0.000000,      24.913888,      39.454934,       0.000000,       0.000000,       0.000000,       3.932513,       3.893214,       3.893214,78630462.024283,-64947370.388075,-89391455.018746,-223012139.727282,       0.000000,      -0.025826,       0.372584
2009-12-15 24:00:00,  526616.269413,     199.972851,     199.972851,       0.000000,     -91.644939,       0.000000,      24.911566,      39.451256,       0.000000,       0.000000,       0.000000,       3.634239,       3.496556,       3.496556,305728367.260544,-224805035.830205,-407944742.090986,-473347739.981626,       0.000000,      -0.013419,       0.243730
2009-12-16 24:00:00,  526574.558180,     180.742575,     180.742575,       0.000000,     -40.254293,       0.000000,      24.910545,      39.449640,       0.000000,       0.000000,       0.000000,       3.627849,       3.146705,       3.146705,276960920.762405,-98743781.625526,-176498332.780547,-467495876.760011,       0.000000,      -0.118327,       0.283979
2009-12-17 24:00:00,  526537.958164,     183.605097,     183.605097,       0.000000,     -35.320245,       0.000000,      24.909650,      39.448222,       0.000000,       0.000000,       0.000000,       3.625880,       2.842030,       2.842030,123678490.233972,-86640561.955423,-126420511.375770,-299365374.592417,       0.237865,      -0.069128,       0.314590
2009-12-18 24:00:00,  526497.312321,     195.825864,     195.825864,       0.000000,     -39.223118,       0.000000,      24.908656,      39.446647,       0.000000,       0.000000,       0.000000,       3.620565,       2.892333,       2.892333,78199675.537803,-96214308.450293,-123383367.727193,-221477638.208742,       0.000000,      -0.029521,       0.393212
2009-12-19 24:00:00,  526453.215923,     197.318290,     197.318290,       0.000000,     -42.551125,       0.000000,      24.907577,      39.444939,       0.000000,       0.000000,       0.000000,       3.590606,       2.692668,       2.692668,47423801.517482,-104377908.749614,-135083887.814266,-254486664.166417,       0.118911,      -0.083804,       0.322993
2009-12-20 24:00:00,  526435.184351,     194.994020,     194.994020,       0.000000,     -17.399150,       0.000000,      24.907136,      39.444240,       0.000000,       0.000000,       0.000000,       3.584973,       2.328181,       2.328181,101786063.088188,-42680115.797302,-54277028.691364,-276479296.751657,       0.000000,      -0.049039,       0.382429
2009-12-21 24:00:00,  526405.299758,     193.893050,     193.893050,       0.000000,     -28.835778,       0.000000,      24.906405,      39.443083,       0.000000,       0.000000,       0.000000,       3.568079,       2.206189,       2.206189,74172182.698361,-70734163.292240,-98558906.441652,-229356832.398433,       0.178334,      -0.003269,       0.261993
2009-12-22 24:00:00,  526370.495963,     200.034016,     200.034016,       0.000000,     -33.581274,       0.000000,      24.905553,      39.441734,       0.000000,       0.000000,       0.000000,       3.526632,       2.095887,       2.095887,73800536.429166,-82374865.154664,-112873539.595167,-265267410.087317,       0.950982,      -0.003189,       0.312343
2009-12-23 24:00:00,  526320.278960,     206.089351,     206.089351,       0.000000,     -48.451069,       0.000000,      24.904325,      39.439789,       0.000000,       0.000000,       0.000000,       3.412484,       2.029088,       2.029088,45952232.197775,-118850471.398574,-132116355.544100,-245064542.721037,       4.160727,      -0.029067,       0.295135
2009-12-24 24:00:00,  526616.300283,     219.031865,     219.031865,       0.000000,      -4.909984,     290.548683,      24.911566,      39.451257,       0.000000,       0.000000,       0.000000,       1.969771,       1.949502,       1.949502,56250048.251488,-12044191.352630,-16027085.570380,-203273247.272110,       1.901920,      -0.000505,       0.372515
2009-12-25 24:00:00,  526997.206789,     364.298740,     364.298740,       0.000000,     -23.203575,     390.870003,      24.920884,      39.466014,       0.000000,       0.000000,       0.000000,       1.914532,       1.832798,       1.832798,63323486.027128,-56918370.582208,-66586096.179261,-166560976.557434,       0.000000,      -0.022205,       0.372810
2009-12-26 24:00:00,  526953.508596,     550.485000,     550.485000,       0.000000,     -42.187589,       0.000000,      24.919815,      39.464321,       0.000000,       0.000000,       0.000000,       1.914529,       1.556678,       1.556678,142994495.640209,-103486156.742422,-177549968.705675,-306800949.579397,       0.000000,      -0.032529,       0.292825
2009-12-27 24:00:00,  526907.203841,     537.774913,     537.774913,       0.000000,     -44.702068,       0.000000,      24.918683,      39.462527,       0.000000,       0.000000,       0.000000,       1.914461,       1.273457,       1.273457,127786900.398485,-109654173.494865,-186399779.562613,-312216651.633729,       0.000000,       0.000279,       0.307814
