time,flow,temp,salt,aed_phosphorus_frp,aed_organic_matter_pop,aed_organic_matter_don,aed_nitrogen_nit,aed_nitrogen_amm
2007-01-01,2.69126,2.716087386,0,0,0,0,0,0
2007-01-02,1.198834,2.263406155,0,0,0,0,0,0
2007-01-03,0.73398,1.539116185,0,0,0,0,0,0
2007-01-04,0.415922,2.263406155,0,0,0,0,0,0
2007-01-05,0.269126,3.983594832,0,0,0,0,0,0
2007-01-06,0.048932,3.440377355,0,0,0,0,0,0
2007-01-07,0.097864,2.082333662,0,0,0,0,0,0
2007-01-08,0.073398,1.086434954,0,0,0,0,0,0
2007-01-09,0,0.452681231,0,0,0,0,0,0
2007-01-10,0,0.271608739,0,0,0,0,0,0
2007-01-11,0,0.905362462,0,0,0,0,0,0
2007-01-12,0,0.814826216,0,0,0,0,0,0
2007-01-13,0,0.905362462,0,0,0,0,0,0
2007-01-14,0.146796,0.814826216,0,0,0,0,0,0
2007-01-15,0.048932,0.633753723,0,0,0,0,0,0
2007-01-16,0,0.633753723,0,0,0,0,0,0
2007-01-17,0,0.814826216,0,0,0,0,0,0
2007-01-18,0,0.633753723,0,0,0,0,0,0
2007-01-19,0,0.633753723,0,0,0,0,0,0
2007-01-20,0,0.814826216,0,0,0,0,0,0
2007-01-21,0,0.724289969,0,0,0,0,0,0
2007-01-22,0.024466,0.452681231,0,0,0,0,0,0
2007-01-23,0,0.362144985,0,0,0,0,0,0
2007-01-24,0.048932,0.362144985,0,0,0,0,0,0
2007-01-25,0,0.271608739,0,0,0,0,0,0
2007-01-26,0.097864,0.271608739,0,0,0,0,0,0
2007-01-27,0,0.271608739,0,0,0,0,0,0
2007-01-28,0.12233,0.271608739,0,0,0,0,0,0
2007-01-29,0.12233,0.090536246,0,0,0,0,0,0
2007-01-30,0.12233,0.090536246,0,0,0,0,0,0
2007-01-31,0,0.090536246,0,0,0,0,0,0
2007-02-01,0,0.090536246,0,0,0,0,0,0
2007-02-02,0,0.090536246,0,0,0,0,0,0
2007-02-03,0,0.090536246,0,0,0,0,0,0
2007-02-04,0,0.090536246,0,0,0,0,0,0
2007-02-05,0,0.090536246,0,0,0,0,0,0
2007-02-06,0,0.090536246,0,0,0,0,0,0
2007-02-07,0.171262,0.090536246,0,0,0,0,0,0
2007-02-08,0.636116,0,0,0,0,0,0,0
2007-02-09,0.61165,0,0,0,0,0,0,0
2007-02-10,0.61165,0,0,0,0,0,0,0
2007-02-11,0.660582,0,0,0,0,0,0,0
2007-02-12,0.73398,0,0,0,0,0,0,0
2007-02-13,0.73398,0,0,0,0,0,0,0
2007-02-14,0.758446,0,0,0,0,0,0,0
2007-02-15,0.73398,0,0,0,0,0,0,0
2007-02-16,0.73398,0,0,0,0,0,0,0
2007-02-17,0.73398,0,0,0,0,0,0,0
2007-02-18,0.758446,0,0,0,0,0,0,0
2007-02-19,0.905242,0,0,0,0,0,0,0
2007-02-20,1.59029,0.090536246,0,0,0,0,0,0
2007-02-21,3.6699,0.090536246,0,0,0,0,0,0
2007-02-22,2.69126,0.181072492,0,0,0,0,0,0
2007-02-23,2.299804,0.181072492,0,0,0,0,0,0
2007-02-24,1.149902,0,0,0,0,0,0,0
2007-02-25,1.125436,0,0,0,0,0,0,0
2007-02-26,1.419028,0,0,0,0,0,0,0
2007-02-27,2.030678,0,0,0,0,0,0,0
2007-02-28,2.030678,0,0,0,0,0,0,0
2007-03-01,8.31844,0,0,0,0,0,0,0
2007-03-02,7.09514,0,0,0,0,0,0,0
2007-03-03,2.93592,0,0,0,0,0,0,0
2007-03-04,1.639222,0,0,0,0,0,0,0
2007-03-05,1.443494,0.090536246,0,0,0,0,0,0
2007-03-06,1.149902,0,0,0,0,0,0,0
2007-03-07,1.027572,0,0,0,0,0,0,0
2007-03-08,1.076504,0,0,0,0,0,0,0
2007-03-09,7.3398,0,0,0,0,0,0,0
2007-03-10,17.37086,0.181072492,0,0,0,0,0,0
2007-03-11,13.70096,0.362144985,0,0,0,0,0,0
2007-03-12,34.2524,1.086434954,0,0,0,0,0,0
2007-03-13,31.8058,0.995898708,0,0,0,0,0,0
2007-03-14,10.27572,0.543217477,0,0,0,0,0,0
2007-03-15,3.18058,0.905362462,0,0,0,0,0,0
2007-03-16,1.247766,1.086434954,0,0,0,0,0,0
2007-03-17,0.97864,2.444478647,0,0,0,0,0,0
2007-03-18,0.954174,3.349841109,0,0,0,0,0,0
2007-03-19,1.052038,2.897159878,0,0,0,0,0,0
2007-03-20,1.003106,3.07823237,0,0,0,0,0,0
2007-03-21,8.07378,3.440377355,0,0,0,0,0,0
2007-03-22,48.932,6.790218464,0,0,0,0,0,0
2007-03-23,4.15922,6.065928494,0,0,0,0,0,0
2007-03-24,1.394562,7.967189664,0,0,0,0,0,0
2007-03-25,1.076504,10.68327705,0,0,0,0,0,0
2007-03-26,0.85631,13.85204567,0,0,0,0,0,0
2007-03-27,1.2233,14.3047269,0,0,0,0,0,0
2007-03-28,3.18058,10.14005957,0,0,0,0,0,0
2007-03-29,1.34563,7.786117172,0,0,0,0,0,0
2007-03-30,1.003106,8.057725911,0,0,0,0,0,0
2007-03-31,29.3592,8.148262157,0,0,0,0,0,0
2007-04-01,34.2524,8.329334649,0,0,0,0,0,0
2007-04-02,3.18058,8.419870895,0,0,0,0,0,0
2007-04-03,117.4368,7.826355504,0,0,0,0,0,0
2007-04-04,8.5631,7.232840112,0,0,0,0,0,0
2007-04-05,1.174368,6.63932472,0,0,0,0,0,0
2007-04-06,0.782912,6.045809329,0,0,0,0,0,0
2007-04-07,0.73398,5.452293937,0,0,0,0,0,0
2007-04-08,0.73398,4.858778545,0,0,0,0,0,0
2007-04-09,0.85631,4.265263154,0,0,0,0,0,0
2007-04-10,0.807378,3.671747762,0,0,0,0,0,0
2007-04-11,6.60582,3.07823237,0,0,0,0,0,0
2007-04-12,7.3398,2.263406155,0,0,0,0,0,0
2007-04-13,5.13786,4.074131078,0,0,0,0,0,0
2007-04-14,2.93592,6.247000987,0,0,0,0,0,0
2007-04-15,1.296698,7.786117172,0,0,0,0,0,0
2007-04-16,0.954174,9.234697111,0,0,0,0,0,0
2007-04-17,0.807378,11.769712,0,0,0,0,0,0
2007-04-18,0.758446,10.68327705,0,0,0,0,0,0
2007-04-19,0.758446,10.41166831,0,0,0,0,0,0
2007-04-20,0.807378,12.31292948,0,0,0,0,0,0
2007-04-21,0.73398,14.39526314,0,0,0,0,0,0
2007-04-22,1.247766,15.02901687,0,0,0,0,0,0
2007-04-23,34.2524,15.93437933,0,0,0,0,0,0
2007-04-24,11.74368,15.11955311,0,0,0,0,0,0
2007-04-25,26.9126,12.85614696,0,0,0,0,0,0
2007-04-26,31.8058,9.95898708,0,0,0,0,0,0
2007-04-27,6.36116,9.868450834,0,0,0,0,0,0
2007-04-28,1.786018,12.31292948,0,0,0,0,0,0
2007-04-29,0.562718,14.66687188,0,0,0,0,0,0
2007-04-30,0.269126,15.30062561,0,0,0,0,0,0
2007-05-01,0.024466,15.4816981,0,0,0,0,0,0
2007-05-02,0.048932,16.11545182,0,0,0,0,0,0
2007-05-03,0.146796,15.11955311,0,0,0,0,0,0
2007-05-04,0.073398,14.3047269,0,0,0,0,0,0
2007-05-05,0.097864,13.39936444,0,0,0,0,0,0
2007-05-06,0,11.58863951,0,0,0,0,0,0
2007-05-07,0,12.49400197,0,0,0,0,0,0
2007-05-08,0,15.02901687,0,0,0,0,0,0
2007-05-09,0,18.28832173,0,0,0,0,0,0
2007-05-10,0.024466,19.82743791,0,0,0,0,0,0
2007-05-11,0,20.1895829,0,0,0,0,0,0
2007-05-12,0,17.56403176,0,0,0,0,0,0
2007-05-13,6.60582,16.02491557,0,0,0,0,0,0
2007-05-14,1.174368,16.47759681,0,0,0,0,0,0
2007-05-15,15.16892,18.01671299,0,0,0,0,0,0
2007-05-16,5.87184,15.75330684,0,0,0,0,0,0
2007-05-17,0.97864,15.84384308,0,0,0,0,0,0
2007-05-18,0.36699,16.83974179,0,0,0,0,0,0
2007-05-19,0.073398,17.65456801,0,0,0,0,0,0
2007-05-20,0,16.47759681,0,0,0,0,0,0
2007-05-21,0,16.56813305,0,0,0,0,0,0
2007-05-22,0,18.83153921,0,0,0,0,0,0
2007-05-23,0,20.1895829,0,0,0,0,0,0
2007-05-24,8.80776,20.1895829,0,0,0,0,0,0
2007-05-25,4.40388,19.19368419,0,0,0,0,0,0
2007-05-26,0.73398,19.0126117,0,0,0,0,0,0
2007-05-27,0.269126,18.01671299,0,0,0,0,0,0
2007-05-28,0.073398,18.37885798,0,0,0,0,0,0
2007-05-29,0,20.00851041,0,0,0,0,0,0
2007-05-30,0,21.81923533,0,0,0,0,0,0
2007-05-31,0,21.81923533,0,0,0,0,0,0
2007-06-01,6.36116,21.90977158,0,0,0,0,0,0
2007-06-02,21.28542,20.91387287,0,0,0,0,0,0
2007-06-03,22.50872,21.63816284,0,0,0,0,0,0
2007-06-04,48.932,19.10314795,0,0,0,0,0,0
2007-06-05,4.8932,18.65046671,0,0,0,0,0,0
2007-06-06,1.296698,17.74510425,0,0,0,0,0,0
2007-06-07,1.003106,18.46939422,0,0,0,0,0,0
2007-06-08,0.293592,19.73690167,0,0,0,0,0,0
2007-06-09,0.024466,19.82743791,0,0,0,0,0,0
2007-06-10,0,21.18548161,0,0,0,0,0,0
2007-06-11,0,22.36245281,0,0,0,0,0,0
2007-06-12,0,23.01884059,0,0,0,0,0,0
2007-06-13,0,23.67522838,0,0,0,0,0,0
2007-06-14,0,24.33161616,0,0,0,0,0,0
2007-06-15,0.048932,24.98800395,0,0,0,0,0,0
2007-06-16,0,25.07854019,0,0,0,0,0,0
2007-06-17,0,24.8974677,0,0,0,0,0,0
2007-06-18,5.62718,24.71639521,0,0,0,0,0,0
2007-06-19,5.13786,22.63406155,0,0,0,0,0,0
2007-06-20,0.73398,21.81923533,0,0,0,0,0,0
2007-06-21,21.77474,22.5435253,0,0,0,0,0,0
2007-06-22,17.1262,20.82333662,0,0,0,0,0,0
2007-06-23,1.46796,20.09904665,0,0,0,0,0,0
2007-06-24,0.415922,21.63816284,0,0,0,0,0,0
2007-06-25,0.097864,23.35835152,0,0,0,0,0,0
2007-06-26,0,24.53532272,0,0,0,0,0,0
2007-06-27,0,25.35014893,0,0,0,0,0,0
2007-06-28,0,23.26781527,0,0,0,0,0,0
2007-06-29,0,21.72869908,0,0,0,0,0,0
2007-06-30,0,22.81513404,0,0,0,0,0,0
2007-07-01,0,22.72459779,0,0,0,0,0,0
2007-07-02,0,22.09084407,0,0,0,0,0,0
2007-07-03,5.62718,21.45709035,0,0,0,0,0,0
2007-07-04,5.38252,22.09084407,0,0,0,0,0,0
2007-07-05,1.247766,23.90156899,0,0,0,0,0,0
2007-07-06,0.660582,24.08264149,0,0,0,0,0,0
2007-07-07,0.171262,24.35425022,0,0,0,0,0,0
2007-07-08,0,25.44068518,0,0,0,0,0,0
2007-07-09,0.171262,25.89336641,0,0,0,0,0,0
2007-07-10,0,25.35014893,0,0,0,0,0,0
2007-07-11,0.269126,22.27191656,0,0,0,0,0,0
2007-07-12,0.440388,21.18548161,0,0,0,0,0,0
2007-07-13,0,20.64226413,0,0,0,0,0,0
2007-07-14,0,21.00440912,0,0,0,0,0,0
2007-07-15,0,20.73280038,0,0,0,0,0,0
2007-07-16,0,21.00440912,0,0,0,0,0,0
2007-07-17,0,21.3665541,0,0,0,0,0,0
2007-07-18,0,22.18138032,0,0,0,0,0,0
2007-07-19,0,23.7204965,0,0,0,0,0,0
2007-07-20,0,22.63406155,0,0,0,0,0,0
2007-07-21,0,23.26781527,0,0,0,0,0,0
2007-07-22,0,22.99620653,0,0,0,0,0,0
2007-07-23,0,22.72459779,0,0,0,0,0,0
2007-07-24,0,23.17727902,0,0,0,0,0,0
2007-07-25,0,23.7204965,0,0,0,0,0,0
2007-07-26,2.93592,23.90156899,0,0,0,0,0,0
2007-07-27,41.5922,24.17317773,0,0,0,0,0,0
2007-07-28,1.932814,23.90156899,0,0,0,0,0,0
2007-07-29,0.342524,23.90156899,0,0,0,0,0,0
2007-07-30,0,24.71639521,0,0,0,0,0,0
2007-07-31,0,25.44068518,0,0,0,0,0,0
2007-08-01,0,25.62175767,0,0,0,0,0,0
2007-08-02,0,26.34604764,0,0,0,0,0,0
2007-08-03,0,25.07854019,0,0,0,0,0,0
2007-08-04,16.63688,23.08674278,0,0,0,0,0,0
2007-08-05,95.4174,20.37065539,0,0,0,0,0,0
2007-08-06,7.09514,21.45709035,0,0,0,0,0,0
2007-08-07,18.3495,23.35835152,0,0,0,0,0,0
2007-08-08,1.95728,24.44478647,0,0,0,0,0,0
2007-08-09,31.8058,23.44888776,0,0,0,0,0,0
2007-08-10,2.055144,24.44478647,0,0,0,0,0,0
2007-08-11,0.464854,25.35014893,0,0,0,0,0,0
2007-08-12,16.14756,24.62585896,0,0,0,0,0,0
2007-08-13,1.149902,24.80693146,0,0,0,0,0,0
2007-08-14,88.0776,23.81103275,0,0,0,0,0,0
2007-08-15,24.466,22.72459779,0,0,0,0,0,0
2007-08-16,3.91456,21.72869908,0,0,0,0,0,0
2007-08-17,0.954174,21.72869908,0,0,0,0,0,0
2007-08-18,70.9514,20.00851041,0,0,0,0,0,0
2007-08-19,146.796,16.6586693,0,0,0,0,0,0
2007-08-20,51.3786,15.21008936,0,0,0,0,0,0
2007-08-21,7.3398,16.29652431,0,0,0,0,0,0
2007-08-22,78.2912,18.46939422,0,0,0,0,0,0
2007-08-23,58.7184,19.46529293,0,0,0,0,0,0
2007-08-24,88.0776,19.91797416,0,0,0,0,0,0
2007-08-25,19.5728,20.1895829,0,0,0,0,0,0
2007-08-26,1.34563,20.64226413,0,0,0,0,0,0
2007-08-27,20.7961,20.09904665,0,0,0,0,0,0
2007-08-28,5.38252,19.91797416,0,0,0,0,0,0
2007-08-29,1.639222,21.09494536,0,0,0,0,0,0
2007-08-30,0.831844,21.09494536,0,0,0,0,0,0
2007-08-31,0.48932,20.91387287,0,0,0,0,0,0
2007-09-01,0.269126,20.91387287,0,0,0,0,0,0
2007-09-02,0.24466,20.91387287,0,0,0,0,0,0
2007-09-03,0.24466,21.18548161,0,0,0,0,0,0
2007-09-04,0.24466,21.63816284,0,0,0,0,0,0
2007-09-05,0.293592,22.63406155,0,0,0,0,0,0
2007-09-06,11.25436,22.90567029,0,0,0,0,0,0
2007-09-07,13.21164,22.27191656,0,0,0,0,0,0
2007-09-08,2.128542,21.54762659,0,0,0,0,0,0
2007-09-09,0.97864,21.72869908,0,0,0,0,0,0
2007-09-10,29.3592,19.46529293,0,0,0,0,0,0
2007-09-11,9.29708,17.11135053,0,0,0,0,0,0
2007-09-12,1.10097,15.93437933,0,0,0,0,0,0
2007-09-13,0.562718,16.38706056,0,0,0,0,0,0
2007-09-14,0.195728,15.93437933,0,0,0,0,0,0
2007-09-15,0,14.03311816,0,0,0,0,0,0
2007-09-16,0,14.3047269,0,0,0,0,0,0
2007-09-17,0,14.84794437,0,0,0,0,0,0
2007-09-18,0.048932,16.6586693,0,0,0,0,0,0
2007-09-19,0,18.28832173,0,0,0,0,0,0
2007-09-20,0,18.55993047,0,0,0,0,0,0
2007-09-21,9.7864,19.19368419,0,0,0,0,0,0
2007-09-22,7.09514,18.74100296,0,0,0,0,0,0
2007-09-23,1.052038,18.74100296,0,0,0,0,0,0
2007-09-24,0.342524,19.19368419,0,0,0,0,0,0
2007-09-25,2.348736,19.91797416,0,0,0,0,0,0
2007-09-26,1.10097,17.8356405,0,0,0,0,0,0
2007-09-27,0.782912,17.02081428,0,0,0,0,0,0
2007-09-28,0.562718,16.6586693,0,0,0,0,0,0
2007-09-29,0.342524,16.38706056,0,0,0,0,0,0
2007-09-30,2.104076,16.20598807,0,0,0,0,0,0
2007-10-01,24.466,16.83974179,0,0,0,0,0,0
2007-10-02,15.65824,17.02081428,0,0,0,0,0,0
2007-10-03,12.233,16.38706056,0,0,0,0,0,0
2007-10-04,1.443494,16.74920554,0,0,0,0,0,0
2007-10-05,0.905242,17.65456801,0,0,0,0,0,0
2007-10-06,0.293592,19.10314795,0,0,0,0,0,0
2007-10-07,0.048932,20.28011915,0,0,0,0,0,0
2007-10-08,1.786018,20.55172788,0,0,0,0,0,0
2007-10-09,0.587184,18.28832173,0,0,0,0,0,0
2007-10-10,0.415922,14.03311816,0,0,0,0,0,0
2007-10-11,0.293592,11.58863951,0,0,0,0,0,0
2007-10-12,0.146796,10.68327705,0,0,0,0,0,0
2007-10-13,0.12233,10.7738133,0,0,0,0,0,0
2007-10-14,1.2233,10.86434954,0,0,0,0,0,0
2007-10-15,1.908348,11.22649453,0,0,0,0,0,0
2007-10-16,13.70096,12.31292948,0,0,0,0,0,0
2007-10-17,10.76504,12.67507447,0,0,0,0,0,0
2007-10-18,68.5048,13.94258191,0,0,0,0,0,0
2007-10-19,3.91456,13.1277557,0,0,0,0,0,0
2007-10-20,0.709514,11.9507845,0,0,0,0,0,0
2007-10-21,0.220194,12.9466832,0,0,0,0,0,0
2007-10-22,0,12.85614696,0,0,0,0,0,0
2007-10-23,0,11.13595828,0,0,0,0,0,0
2007-10-24,0,10.32113207,0,0,0,0,0,0
2007-10-25,0.024466,9.687378342,0,0,0,0,0,0
2007-10-26,0,9.50630585,0,0,0,0,0,0
2007-10-27,0,9.687378342,0,0,0,0,0,0
2007-10-28,0,8.872552126,0,0,0,0,0,0
2007-10-29,0,8.691479634,0,0,0,0,0,0
2007-10-30,0,9.144160865,0,0,0,0,0,0
2007-10-31,0,9.596842096,0,0,0,0,0,0
2007-11-01,0,8.057725911,0,0,0,0,0,0
2007-11-02,0,7.333435941,0,0,0,0,0,0
2007-11-03,0,6.790218464,0,0,0,0,0,0
2007-11-04,0,6.971290956,0,0,0,0,0,0
2007-11-05,0,6.699682218,0,0,0,0,0,0
2007-11-06,0,4.436276063,0,0,0,0,0,0
2007-11-07,0,3.711986094,0,0,0,0,0,0
2007-11-08,0,3.983594832,0,0,0,0,0,0
2007-11-09,0,4.164667325,0,0,0,0,0,0
2007-11-10,0,3.711986094,0,0,0,0,0,0
2007-11-11,0,4.526812309,0,0,0,0,0,0
2007-11-12,0,6.428073479,0,0,0,0,0,0
2007-11-13,0,6.156464741,0,0,0,0,0,0
2007-11-14,0,5.522711017,0,0,0,0,0,0
2007-11-15,0,3.711986094,0,0,0,0,0,0
2007-11-16,0,2.444478647,0,0,0,0,0,0
2007-11-17,0,1.991797416,0,0,0,0,0,0
2007-11-18,0,1.810724924,0,0,0,0,0,0
2007-11-19,0,2.987696124,0,0,0,0,0,0
2007-11-20,0.293592,3.711986094,0,0,0,0,0,0
2007-11-21,0.48932,2.987696124,0,0,0,0,0,0
2007-11-22,0.269126,1.448579939,0,0,0,0,0,0
2007-11-23,0,1.810724924,0,0,0,0,0,0
2007-11-24,0,1.991797416,0,0,0,0,0,0
2007-11-25,0,0.724289969,0,0,0,0,0,0
2007-11-26,0,0.543217477,0,0,0,0,0,0
2007-11-27,0.024466,1.1769712,0,0,0,0,0,0
2007-11-28,0,1.358043693,0,0,0,0,0,0
2007-11-29,0,0.905362462,0,0,0,0,0,0
2007-11-30,0,1.539116185,0,0,0,0,0,0
2007-12-01,0,1.358043693,0,0,0,0,0,0
2007-12-02,1.516892,0.905362462,0,0,0,0,0,0
2007-12-03,1.908348,0.814826216,0,0,0,0,0,0
2007-12-04,0.587184,0.543217477,0,0,0,0,0,0
2007-12-05,0.342524,0.181072492,0,0,0,0,0,0
2007-12-06,0.073398,0.271608739,0,0,0,0,0,0
2007-12-07,0.097864,0.181072492,0,0,0,0,0,0
2007-12-08,0.048932,0.181072492,0,0,0,0,0,0
2007-12-09,0,0.181072492,0,0,0,0,0,0
2007-12-10,0,0.181072492,0,0,0,0,0,0
2007-12-11,0,0.181072492,0,0,0,0,0,0
2007-12-12,0.12233,0.181072492,0,0,0,0,0,0
2007-12-13,0.24466,0.090536246,0,0,0,0,0,0
2007-12-14,0.195728,0.090536246,0,0,0,0,0,0
2007-12-15,0.097864,0.090536246,0,0,0,0,0,0
2007-12-16,0.146796,0,0,0,0,0,0,0
2007-12-17,0,0,0,0,0,0,0,0
2007-12-18,0,0,0,0,0,0,0,0
2007-12-19,0,0,0,0,0,0,0,0
2007-12-20,0,0,0,0,0,0,0,0
2007-12-21,0.440388,0,0,0,0,0,0,0
2007-12-22,9.05242,0,0,0,0,0,0,0
2007-12-23,24.466,0.090536246,0,0,0,0,0,0
2007-12-24,1.810484,0,0,0,0,0,0,0
2007-12-25,0.831844,0,0,0,0,0,0,0
2007-12-26,0.807378,0,0,0,0,0,0,0
2007-12-27,0.758446,0,0,0,0,0,0,0
2007-12-28,0.587184,0,0,0,0,0,0,0
2007-12-29,0.538252,0,0,0,0,0,0,0
2007-12-30,0.36699,0,0,0,0,0,0,0
2007-12-31,0.269126,0,0,0,0,0,0,0
2008-01-01,0.220194,0,0,0,0,0,0,0
2008-01-02,0.024466,0.090536246,0,0,0,0,0,0
2008-01-03,0.24466,0,0,0,0,0,0,0
2008-01-04,0,0,0,0,0,0,0,0
2008-01-05,0.391456,0,0,0,0,0,0,0
2008-01-06,22.50872,0,0,0,0,0,0,0
2008-01-07,61.165,0.090536246,0,0,0,0,0,0
2008-01-08,36.699,0.543217477,0,0,0,0,0,0
2008-01-09,7.09514,0.452681231,0,0,0,0,0,0
2008-01-10,1.2233,0.633753723,0,0,0,0,0,0
2008-01-11,1.516892,0.452681231,0,0,0,0,0,0
2008-01-12,1.076504,0.814826216,0,0,0,0,0,0
2008-01-13,0.905242,0.452681231,0,0,0,0,0,0
2008-01-14,0.562718,0.181072492,0,0,0,0,0,0
2008-01-15,0.269126,0.271608739,0,0,0,0,0,0
2008-01-16,0.12233,0.452681231,0,0,0,0,0,0
2008-01-17,0.293592,0.362144985,0,0,0,0,0,0
2008-01-18,0.171262,0.181072492,0,0,0,0,0,0
2008-01-19,0,0.181072492,0,0,0,0,0,0
2008-01-20,0,0.090536246,0,0,0,0,0,0
2008-01-21,0,0,0,0,0,0,0,0
2008-01-22,0.024466,0,0,0,0,0,0,0
2008-01-23,0,0,0,0,0,0,0,0
2008-01-24,0,0,0,0,0,0,0,0
2008-01-25,0,0,0,0,0,0,0,0
2008-01-26,0.073398,0,0,0,0,0,0,0
2008-01-27,0.12233,0,0,0,0,0,0,0
2008-01-28,1.247766,0,0,0,0,0,0,0
2008-01-29,7.82912,0,0,0,0,0,0,0
2008-01-30,1.639222,0.090536246,0,0,0,0,0,0
2008-01-31,0.513786,0,0,0,0,0,0,0
2008-02-01,0.36699,0,0,0,0,0,0,0
2008-02-02,0.24466,0,0,0,0,0,0,0
2008-02-03,0.195728,0,0,0,0,0,0,0
2008-02-04,6.36116,0,0,0,0,0,0,0
2008-02-05,6.36116,0,0,0,0,0,0,0
2008-02-06,1.443494,0,0,0,0,0,0,0
2008-02-07,0.807378,0,0,0,0,0,0,0
2008-02-08,0.562718,0,0,0,0,0,0,0
2008-02-09,0.440388,0,0,0,0,0,0,0
2008-02-10,0.269126,0,0,0,0,0,0,0
2008-02-11,0.073398,0,0,0,0,0,0,0
2008-02-12,0,0,0,0,0,0,0,0
2008-02-13,0.073398,0,0,0,0,0,0,0
2008-02-14,0.048932,0,0,0,0,0,0,0
2008-02-15,0.073398,0,0,0,0,0,0,0
2008-02-16,0.12233,0,0,0,0,0,0,0
2008-02-17,9.54174,0,0,0,0,0,0,0
2008-02-18,4.8932,0,0,0,0,0,0,0
2008-02-19,1.149902,0,0,0,0,0,0,0
2008-02-20,0.587184,0,0,0,0,0,0,0
2008-02-21,0.269126,0,0,0,0,0,0,0
2008-02-22,0.220194,0,0,0,0,0,0,0
2008-02-23,0.24466,0,0,0,0,0,0,0
2008-02-24,0.807378,0,0,0,0,0,0,0
2008-02-25,1.149902,0,0,0,0,0,0,0
2008-02-26,0.929708,0,0,0,0,0,0,0
2008-02-27,0.831844,0,0,0,0,0,0,0
2008-02-28,0.513786,0,0,0,0,0,0,0
2008-02-29,0.758446,0,0,0,0,0,0,0
2008-03-01,1.027572,0,0,0,0,0,0,0
2008-03-02,24.466,0,0,0,0,0,0,0
2008-03-03,61.165,0,0,0,0,0,0,0
2008-03-04,5.38252,0,0,0,0,0,0,0
2008-03-05,1.2233,0,0,0,0,0,0,0
2008-03-06,0.685048,0,0,0,0,0,0,0
2008-03-07,0.342524,0.090536246,0,0,0,0,0,0
2008-03-08,0.146796,0.181072492,0,0,0,0,0,0
2008-03-09,0.073398,0.090536246,0,0,0,0,0,0
2008-03-10,0.415922,0.181072492,0,0,0,0,0,0
2008-03-11,3.6699,0.362144985,0,0,0,0,0,0
2008-03-12,6.1165,0.362144985,0,0,0,0,0,0
2008-03-13,22.50872,0.905362462,0,0,0,0,0,0
2008-03-14,14.6796,1.358043693,0,0,0,0,0,0
2008-03-15,5.38252,1.629652431,0,0,0,0,0,0
2008-03-16,2.32427,1.90126117,0,0,0,0,0,0
2008-03-17,1.149902,1.810724924,0,0,0,0,0,0
2008-03-18,4.15922,1.90126117,0,0,0,0,0,0
2008-03-19,4.40388,2.897159878,0,0,0,0,0,0
2008-03-20,2.93592,3.440377355,0,0,0,0,0,0
2008-03-21,1.492426,1.720188678,0,0,0,0,0,0
2008-03-22,3.18058,1.267507447,0,0,0,0,0,0
2008-03-23,3.6699,2.716087386,0,0,0,0,0,0
2008-03-24,2.4466,2.806623632,0,0,0,0,0,0
2008-03-25,7.82912,2.897159878,0,0,0,0,0,0
2008-03-26,5.87184,3.349841109,0,0,0,0,0,0
2008-03-27,3.42524,3.440377355,0,0,0,0,0,0
2008-03-28,1.2233,3.168768617,0,0,0,0,0,0
2008-03-29,1.052038,4.526812309,0,0,0,0,0,0
2008-03-30,1.027572,4.617348555,0,0,0,0,0,0
2008-03-31,36.699,4.345739817,0,0,0,0,0,0
2008-04-01,13.21164,3.893058586,0,0,0,0,0,0
2008-04-02,1.95728,4.345739817,0,0,0,0,0,0
2008-04-03,3.42524,5.341638525,0,0,0,0,0,0
2008-04-04,5.87184,6.518609725,0,0,0,0,0,0
2008-04-05,2.226406,8.510407141,0,0,0,0,0,0
2008-04-06,2.250872,9.687378342,0,0,0,0,0,0
2008-04-07,3.91456,9.325233357,0,0,0,0,0,0
2008-04-08,31.8058,7.423972187,0,0,0,0,0,0
2008-04-09,24.466,6.156464741,0,0,0,0,0,0
2008-04-10,85.631,5.070029786,0,0,0,0,0,0
2008-04-11,85.631,4.798421048,0,0,0,0,0,0
2008-04-12,9.29708,4.798421048,0,0,0,0,0,0
2008-04-13,1.419028,4.798421048,0,0,0,0,0,0
2008-04-14,0.709514,5.884856002,0,0,0,0,0,0
2008-04-15,1.003106,7.786117172,0,0,0,0,0,0
2008-04-16,0.73398,8.78201588,0,0,0,0,0,0
2008-04-17,0.85631,10.95488579,0,0,0,0,0,0
2008-04-18,31.8058,10.68327705,0,0,0,0,0,0
2008-04-19,9.54174,11.86024825,0,0,0,0,0,0
2008-04-20,0.97864,13.94258191,0,0,0,0,0,0
2008-04-21,0.587184,15.57223434,0,0,0,0,0,0
2008-04-22,0.538252,15.57223434,0,0,0,0,0,0
2008-04-23,0.24466,15.75330684,0,0,0,0,0,0
2008-04-24,8.80776,15.21008936,0,0,0,0,0,0
2008-04-25,117.4368,15.11955311,0,0,0,0,0,0
2008-04-26,7.58446,11.86024825,0,0,0,0,0,0
2008-04-27,1.027572,10.14005957,0,0,0,0,0,0
2008-04-28,1.052038,10.14005957,0,0,0,0,0,0
2008-04-29,0.73398,9.234697111,0,0,0,0,0,0
2008-04-30,0.61165,9.95898708,0,0,0,0,0,0
2008-05-01,0.318058,10.7738133,0,0,0,0,0,0
2008-05-02,13.21164,12.22239324,0,0,0,0,0,0
2008-05-03,2.4466,11.86024825,0,0,0,0,0,0
2008-05-04,1.34563,11.58863951,0,0,0,0,0,0
2008-05-05,0.440388,13.03721945,0,0,0,0,0,0
2008-05-06,0.220194,14.48579939,0,0,0,0,0,0
2008-05-07,11.98834,16.02491557,0,0,0,0,0,0
2008-05-08,1.076504,15.84384308,0,0,0,0,0,0
2008-05-09,0.440388,15.66277059,0,0,0,0,0,0
2008-05-10,0.12233,14.66687188,0,0,0,0,0,0
2008-05-11,5.87184,12.9466832,0,0,0,0,0,0
2008-05-12,1.46796,12.9466832,0,0,0,0,0,0
2008-05-13,0.464854,13.67097317,0,0,0,0,0,0
2008-05-14,0.195728,14.3047269,0,0,0,0,0,0
2008-05-15,0.048932,15.39116185,0,0,0,0,0,0
2008-05-16,0.171262,15.75330684,0,0,0,0,0,0
2008-05-17,0.171262,16.38706056,0,0,0,0,0,0
2008-05-18,0.024466,15.11955311,0,0,0,0,0,0
2008-05-19,0.685048,14.3047269,0,0,0,0,0,0
2008-05-20,1.34563,14.75740813,0,0,0,0,0,0
2008-05-21,0.024466,14.93848062,0,0,0,0,0,0
2008-05-22,0,16.02491557,0,0,0,0,0,0
2008-05-23,0,15.84384308,0,0,0,0,0,0
2008-05-24,0,16.02491557,0,0,0,0,0,0
2008-05-25,5.38252,16.29652431,0,0,0,0,0,0
2008-05-26,6.36116,18.28832173,0,0,0,0,0,0
2008-05-27,0.709514,16.29652431,0,0,0,0,0,0
2008-05-28,0.220194,14.75740813,0,0,0,0,0,0
2008-05-29,0.660582,15.11955311,0,0,0,0,0,0
2008-05-30,58.7184,14.93848062,0,0,0,0,0,0
2008-05-31,3.42524,17.47349551,0,0,0,0,0,0
2008-06-01,0.513786,19.0126117,0,0,0,0,0,0
2008-06-02,0.24466,20.28011915,0,0,0,0,0,0
2008-06-03,0.464854,17.74510425,0,0,0,0,0,0
2008-06-04,0.269126,16.29652431,0,0,0,0,0,0
2008-06-05,61.165,17.11135053,0,0,0,0,0,0
2008-06-06,5.38252,19.19368419,0,0,0,0,0,0
2008-06-07,12.96698,20.00851041,0,0,0,0,0,0
2008-06-08,166.3688,19.37475668,0,0,0,0,0,0
2008-06-09,66.0582,17.65456801,0,0,0,0,0,0
2008-06-10,4.40388,18.28832173,0,0,0,0,0,0
2008-06-11,0.73398,19.19368419,0,0,0,0,0,0
2008-06-12,75.8446,18.83153921,0,0,0,0,0,0
2008-06-13,63.6116,18.92207545,0,0,0,0,0,0
2008-06-14,10.27572,19.0126117,0,0,0,0,0,0
2008-06-15,4.64854,19.19368419,0,0,0,0,0,0
2008-06-16,0.807378,19.19368419,0,0,0,0,0,0
2008-06-17,0.342524,18.83153921,0,0,0,0,0,0
2008-06-18,0.073398,19.10314795,0,0,0,0,0,0
2008-06-19,0,19.64636542,0,0,0,0,0,0
2008-06-20,0,20.28011915,0,0,0,0,0,0
2008-06-21,0.048932,21.00440912,0,0,0,0,0,0
2008-06-22,1.247766,21.00440912,0,0,0,0,0,0
2008-06-23,1.46796,20.73280038,0,0,0,0,0,0
2008-06-24,0.48932,21.3665541,0,0,0,0,0,0
2008-06-25,0.146796,21.72869908,0,0,0,0,0,0
2008-06-26,0,22.5435253,0,0,0,0,0,0
2008-06-27,0,22.63406155,0,0,0,0,0,0
2008-06-28,0.807378,21.90977158,0,0,0,0,0,0
2008-06-29,0.440388,20.1895829,0,0,0,0,0,0
2008-06-30,0.220194,20.00851041,0,0,0,0,0,0
2008-07-01,0.024466,20.46119164,0,0,0,0,0,0
2008-07-02,0.48932,21.09494536,0,0,0,0,0,0
2008-07-03,0.61165,20.82333662,0,0,0,0,0,0
2008-07-04,0.342524,20.82333662,0,0,0,0,0,0
2008-07-05,0.146796,21.63816284,0,0,0,0,0,0
2008-07-06,0.171262,22.09084407,0,0,0,0,0,0
2008-07-07,31.8058,22.45298905,0,0,0,0,0,0
2008-07-08,29.3592,22.18138032,0,0,0,0,0,0
2008-07-09,2.006212,22.09084407,0,0,0,0,0,0
2008-07-10,3.18058,22.45298905,0,0,0,0,0,0
2008-07-11,156.5824,21.81923533,0,0,0,0,0,0
2008-07-12,24.22134,21.45709035,0,0,0,0,0,0
2008-07-13,1.761552,20.00851041,0,0,0,0,0,0
2008-07-14,0.513786,19.82743791,0,0,0,0,0,0
2008-07-15,0.171262,21.00440912,0,0,0,0,0,0
2008-07-16,0,22.5435253,0,0,0,0,0,0
2008-07-17,0.12233,22.63406155,0,0,0,0,0,0
2008-07-18,0.024466,22.99620653,0,0,0,0,0,0
2008-07-19,0,24.08264149,0,0,0,0,0,0
2008-07-20,3.18058,24.17317773,0,0,0,0,0,0
2008-07-21,0.905242,24.62585896,0,0,0,0,0,0
2008-07-22,0.440388,23.90156899,0,0,0,0,0,0
2008-07-23,0.171262,23.53942401,0,0,0,0,0,0
2008-07-24,0,23.26781527,0,0,0,0,0,0
2008-07-25,0,22.5435253,0,0,0,0,0,0
2008-07-26,0,22.45298905,0,0,0,0,0,0
2008-07-27,0,22.36245281,0,0,0,0,0,0
2008-07-28,0,23.44888776,0,0,0,0,0,0
2008-07-29,0.513786,23.62996025,0,0,0,0,0,0
2008-07-30,0.097864,23.7204965,0,0,0,0,0,0
2008-07-31,0,23.90156899,0,0,0,0,0,0
2008-08-01,0.24466,23.90156899,0,0,0,0,0,0
2008-08-02,0.171262,23.99210524,0,0,0,0,0,0
2008-08-03,0.073398,23.62996025,0,0,0,0,0,0
2008-08-04,36.699,22.72459779,0,0,0,0,0,0
2008-08-05,2.93592,23.08674278,0,0,0,0,0,0
2008-08-06,0.97864,22.99620653,0,0,0,0,0,0
2008-08-07,0.831844,22.18138032,0,0,0,0,0,0
2008-08-08,0.587184,21.72869908,0,0,0,0,0,0
2008-08-09,0.318058,22.36245281,0,0,0,0,0,0
2008-08-10,0.097864,21.90977158,0,0,0,0,0,0
2008-08-11,0.171262,21.27601785,0,0,0,0,0,0
2008-08-12,0,21.81923533,0,0,0,0,0,0
2008-08-13,8.5631,21.54762659,0,0,0,0,0,0
2008-08-14,2.4466,21.90977158,0,0,0,0,0,0
2008-08-15,1.003106,22.00030782,0,0,0,0,0,0
2008-08-16,0.513786,21.54762659,0,0,0,0,0,0
2008-08-17,0.195728,21.63816284,0,0,0,0,0,0
2008-08-18,0.024466,22.36245281,0,0,0,0,0,0
2008-08-19,0,22.63406155,0,0,0,0,0,0
2008-08-20,0,22.27191656,0,0,0,0,0,0
2008-08-21,0.073398,22.27191656,0,0,0,0,0,0
2008-08-22,0.171262,21.63816284,0,0,0,0,0,0
2008-08-23,0.024466,22.18138032,0,0,0,0,0,0
2008-08-24,0,21.81923533,0,0,0,0,0,0
2008-08-25,0,21.09494536,0,0,0,0,0,0
2008-08-26,0,20.46119164,0,0,0,0,0,0
2008-08-27,0,20.09904665,0,0,0,0,0,0
2008-08-28,1.83495,20.64226413,0,0,0,0,0,0
2008-08-29,1.052038,21.18548161,0,0,0,0,0,0
2008-08-30,0.73398,21.18548161,0,0,0,0,0,0
2008-08-31,0.36699,22.5435253,0,0,0,0,0,0
2008-09-01,0.146796,22.72459779,0,0,0,0,0,0
2008-09-02,0.024466,22.72459779,0,0,0,0,0,0
2008-09-03,0,21.90977158,0,0,0,0,0,0
2008-09-04,26.9126,18.65046671,0,0,0,0,0,0
2008-09-05,9.7864,17.11135053,0,0,0,0,0,0
2008-09-06,1.370096,18.01671299,0,0,0,0,0,0
2008-09-07,0.831844,18.10724924,0,0,0,0,0,0
2008-09-08,1.076504,17.11135053,0,0,0,0,0,0
2008-09-09,1.003106,16.02491557,0,0,0,0,0,0
2008-09-10,0.61165,16.74920554,0,0,0,0,0,0
2008-09-11,1.198834,16.6586693,0,0,0,0,0,0
2008-09-12,1.003106,17.47349551,0,0,0,0,0,0
2008-09-13,46.4854,17.65456801,0,0,0,0,0,0
2008-09-14,5.87184,17.20188678,0,0,0,0,0,0
2008-09-15,2.128542,15.66277059,0,0,0,0,0,0
2008-09-16,0.758446,15.4816981,0,0,0,0,0,0
2008-09-17,0.293592,17.02081428,0,0,0,0,0,0
2008-09-18,0.097864,17.74510425,0,0,0,0,0,0
2008-09-19,0,18.10724924,0,0,0,0,0,0
2008-09-20,0,18.92207545,0,0,0,0,0,0
2008-09-21,0,19.46529293,0,0,0,0,0,0
2008-09-22,0,19.82743791,0,0,0,0,0,0
2008-09-23,0,19.73690167,0,0,0,0,0,0
2008-09-24,0.464854,19.64636542,0,0,0,0,0,0
2008-09-25,0.12233,19.10314795,0,0,0,0,0,0
2008-09-26,0.146796,19.37475668,0,0,0,0,0,0
2008-09-27,0.048932,19.37475668,0,0,0,0,0,0
2008-09-28,0.220194,17.8356405,0,0,0,0,0,0
2008-09-29,1.003106,16.29652431,0,0,0,0,0,0
2008-09-30,0.146796,14.66687188,0,0,0,0,0,0
2008-10-01,0.146796,12.67507447,0,0,0,0,0,0
2008-10-02,0.220194,11.49810327,0,0,0,0,0,0
2008-10-03,0.36699,11.40756702,0,0,0,0,0,0
2008-10-04,0.318058,11.58863951,0,0,0,0,0,0
2008-10-05,0.73398,10.95488579,0,0,0,0,0,0
2008-10-06,0.440388,11.22649453,0,0,0,0,0,0
2008-10-07,26.9126,12.22239324,0,0,0,0,0,0
2008-10-08,20.30678,12.76561071,0,0,0,0,0,0
2008-10-09,1.737086,12.76561071,0,0,0,0,0,0
2008-10-10,0.513786,12.49400197,0,0,0,0,0,0
2008-10-11,0.195728,13.48990068,0,0,0,0,0,0
2008-10-12,0.024466,15.39116185,0,0,0,0,0,0
2008-10-13,0,16.29652431,0,0,0,0,0,0
2008-10-14,0,15.30062561,0,0,0,0,0,0
2008-10-15,2.93592,13.76150942,0,0,0,0,0,0
2008-10-16,1.639222,12.04132074,0,0,0,0,0,0
2008-10-17,0.831844,10.95488579,0,0,0,0,0,0
2008-10-18,0.415922,10.5927408,0,0,0,0,0,0
2008-10-19,0.195728,10.68327705,0,0,0,0,0,0
2008-10-20,0.195728,10.68327705,0,0,0,0,0,0
2008-10-21,0,9.50630585,0,0,0,0,0,0
2008-10-22,0,8.057725911,0,0,0,0,0,0
2008-10-23,0.195728,7.152363449,0,0,0,0,0,0
2008-10-24,7.58446,7.876653418,0,0,0,0,0,0
2008-10-25,5.62718,8.148262157,0,0,0,0,0,0
2008-10-26,1.125436,7.695580926,0,0,0,0,0,0
2008-10-27,0.685048,5.975392248,0,0,0,0,0,0
2008-10-28,0.391456,4.97949354,0,0,0,0,0,0
2008-10-29,0.220194,4.798421048,0,0,0,0,0,0
2008-10-30,0.048932,5.341638525,0,0,0,0,0,0
2008-10-31,0,7.242899695,0,0,0,0,0,0
2008-11-01,0,8.057725911,0,0,0,0,0,0
2008-11-02,0,8.419870895,0,0,0,0,0,0
2008-11-03,0,10.23059582,0,0,0,0,0,0
2008-11-04,0,11.769712,0,0,0,0,0,0
2008-11-05,0,11.67917576,0,0,0,0,0,0
2008-11-06,6.60582,11.49810327,0,0,0,0,0,0
2008-11-07,2.93592,8.963088372,0,0,0,0,0,0
2008-11-08,1.492426,6.337537233,0,0,0,0,0,0
2008-11-09,0.758446,4.255203571,0,0,0,0,0,0
2008-11-10,0.513786,1.991797416,0,0,0,0,0,0
2008-11-11,1.125436,2.444478647,0,0,0,0,0,0
2008-11-12,3.6699,2.263406155,0,0,0,0,0,0
2008-11-13,6.1165,4.074131078,0,0,0,0,0,0
2008-11-14,7.58446,5.432174771,0,0,0,0,0,0
2008-11-15,0.905242,4.436276063,0,0,0,0,0,0
2008-11-16,0.415922,3.07823237,0,0,0,0,0,0
2008-11-17,0.293592,1.539116185,0,0,0,0,0,0
2008-11-18,0.171262,0.814826216,0,0,0,0,0,0
2008-11-19,0.097864,1.448579939,0,0,0,0,0,0
2008-11-20,0,0.090536246,0,0,0,0,0,0
2008-11-21,0,0.543217477,0,0,0,0,0,0
2008-11-22,0,1.1769712,0,0,0,0,0,0
2008-11-23,0,1.448579939,0,0,0,0,0,0
2008-11-24,0.440388,1.539116185,0,0,0,0,0,0
2008-11-25,0.342524,1.358043693,0,0,0,0,0,0
2008-11-26,0.220194,1.448579939,0,0,0,0,0,0
2008-11-27,0.146796,1.539116185,0,0,0,0,0,0
2008-11-28,0.048932,1.539116185,0,0,0,0,0,0
2008-11-29,0,1.720188678,0,0,0,0,0,0
2008-11-30,0.220194,1.267507447,0,0,0,0,0,0
2008-12-01,0.318058,0.181072492,0,0,0,0,0,0
2008-12-02,0.12233,0.452681231,0,0,0,0,0,0
2008-12-03,0.048932,0.362144985,0,0,0,0,0,0
2008-12-04,0,0.271608739,0,0,0,0,0,0
2008-12-05,0,0.271608739,0,0,0,0,0,0
2008-12-06,0,0.090536246,0,0,0,0,0,0
2008-12-07,0,0,0,0,0,0,0,0
2008-12-08,0.24466,0,0,0,0,0,0,0
2008-12-09,0.097864,0,0,0,0,0,0,0
2008-12-10,0,0,0,0,0,0,0,0
2008-12-11,0,0,0,0,0,0,0,0
2008-12-12,0,0,0,0,0,0,0,0
2008-12-13,0.024466,0,0,0,0,0,0,0
2008-12-14,16.39222,0,0,0,0,0,0,0
2008-12-15,8.80776,0,0,0,0,0,0,0
2008-12-16,1.125436,0,0,0,0,0,0,0
2008-12-17,0.85631,0,0,0,0,0,0,0
2008-12-18,0.660582,0,0,0,0,0,0,0
2008-12-19,0.660582,0,0,0,0,0,0,0
2008-12-20,0.636116,0,0,0,0,0,0,0
2008-12-21,0.440388,0,0,0,0,0,0,0
2008-12-22,0.318058,0,0,0,0,0,0,0
2008-12-23,0.220194,0,0,0,0,0,0,0
2008-12-24,0.24466,0,0,0,0,0,0,0
2008-12-25,0.318058,0,0,0,0,0,0,0
2008-12-26,0.73398,0,0,0,0,0,0,0
2008-12-27,58.7184,0,0,0,0,0,0,0
2008-12-28,17.1262,0,0,0,0,0,0,0
2008-12-29,3.18058,0,0,0,0,0,0,0
2008-12-30,1.419028,0,0,0,0,0,0,0
2008-12-31,0.660582,0,0,0,0,0,0,0
2009-01-01,0.342524,0,0,0,0,0,0,0
2009-01-02,0.24466,0,0,0,0,0,0,0
2009-01-03,0.146796,0,0,0,0,0,0,0
2009-01-04,0.73398,0,0,0,0,0,0,0
2009-01-05,0.220194,0,0,0,0,0,0,0
2009-01-06,0.342524,0,0,0,0,0,0,0
2009-01-07,0.36699,0,0,0,0,0,0,0
2009-01-08,0.146796,0,0,0,0,0,0,0
2009-01-09,0.12233,0,0,0,0,0,0,0
2009-01-10,0.12233,0,0,0,0,0,0,0
2009-01-11,0.12233,0,0,0,0,0,0,0
2009-01-12,0.12233,0,0,0,0,0,0,0
2009-01-13,0.12233,0,0,0,0,0,0,0
2009-01-14,0.12233,0,0,0,0,0,0,0
2009-01-15,0.195728,0,0,0,0,0,0,0
2009-01-16,0.220194,0,0,0,0,0,0,0
2009-01-17,0.171262,0,0,0,0,0,0,0
2009-01-18,0.12233,0,0,0,0,0,0,0
2009-01-19,0.12233,0,0,0,0,0,0,0
2009-01-20,0.12233,0,0,0,0,0,0,0
2009-01-21,0.12233,0,0,0,0,0,0,0
2009-01-22,0.146796,0,0,0,0,0,0,0
2009-01-23,0.146796,0,0,0,0,0,0,0
2009-01-24,0.12233,0,0,0,0,0,0,0
2009-01-25,0.391456,0,0,0,0,0,0,0
2009-01-26,0.12233,0,0,0,0,0,0,0
2009-01-27,0.171262,0,0,0,0,0,0,0
2009-01-28,0.12233,0,0,0,0,0,0,0
2009-01-29,0.12233,0,0,0,0,0,0,0
2009-01-30,0.12233,0,0,0,0,0,0,0
2009-01-31,0.293592,0,0,0,0,0,0,0
2009-02-01,0.269126,0,0,0,0,0,0,0
2009-02-02,0.171262,0,0,0,0,0,0,0
2009-02-03,0.12233,0,0,0,0,0,0,0
2009-02-04,0.12233,0,0,0,0,0,0,0
2009-02-05,0.12233,0,0,0,0,0,0,0
2009-02-06,0.220194,0,0,0,0,0,0,0
2009-02-07,16.63688,0,0,0,0,0,0,0
2009-02-08,7.82912,0,0,0,0,0,0,0
2009-02-09,12.96698,0,0,0,0,0,0,0
2009-02-10,34.2524,0,0,0,0,0,0,0
2009-02-11,7.09514,0,0,0,0,0,0,0
2009-02-12,1.737086,0,0,0,0,0,0,0
2009-02-13,0.685048,0,0,0,0,0,0,0
2009-02-14,0.660582,0.090536246,0,0,0,0,0,0
2009-02-15,0.61165,0.090536246,0,0,0,0,0,0
2009-02-16,0.391456,0.090536246,0,0,0,0,0,0
2009-02-17,0.464854,0.090536246,0,0,0,0,0,0
2009-02-18,0.905242,0.090536246,0,0,0,0,0,0
2009-02-19,0.73398,0.090536246,0,0,0,0,0,0
2009-02-20,0.293592,0.181072492,0,0,0,0,0,0
2009-02-21,0.269126,0,0,0,0,0,0,0
2009-02-22,0.269126,0,0,0,0,0,0,0
2009-02-23,0.24466,0,0,0,0,0,0,0
2009-02-24,0.220194,0,0,0,0,0,0,0
2009-02-25,3.91456,0.090536246,0,0,0,0,0,0
2009-02-26,85.631,0,0,0,0,0,0,0
2009-02-27,31.8058,0.090536246,0,0,0,0,0,0
2009-02-28,2.299804,0,0,0,0,0,0,0
2009-03-01,0.636116,0.090536246,0,0,0,0,0,0
2009-03-02,0.293592,0.452681231,0,0,0,0,0,0
2009-03-03,0.195728,0.633753723,0,0,0,0,0,0
2009-03-04,0.562718,1.086434954,0,0,0,0,0,0
2009-03-05,9.05242,1.448579939,0,0,0,0,0,0
2009-03-06,8.07378,2.172869908,0,0,0,0,0,0
2009-03-07,66.0582,2.353942401,0,0,0,0,0,0
2009-03-08,83.1844,1.1769712,0,0,0,0,0,0
2009-03-09,24.22134,0.452681231,0,0,0,0,0,0
2009-03-10,56.2718,1.1769712,0,0,0,0,0,0
2009-03-11,5.13786,0.181072492,0,0,0,0,0,0
2009-03-12,1.076504,0.452681231,0,0,0,0,0,0
2009-03-13,0.636116,0.995898708,0,0,0,0,0,0
2009-03-14,0.61165,2.082333662,0,0,0,0,0,0
2009-03-15,0.587184,3.168768617,0,0,0,0,0,0
2009-03-16,0.61165,4.345739817,0,0,0,0,0,0
2009-03-17,0.660582,5.884856002,0,0,0,0,0,0
2009-03-18,0.48932,6.971290956,0,0,0,0,0,0
2009-03-19,0.758446,6.156464741,0,0,0,0,0,0
2009-03-20,0.562718,5.160566033,0,0,0,0,0,0
2009-03-21,0.587184,5.613247264,0,0,0,0,0,0
2009-03-22,0.48932,7.152363449,0,0,0,0,0,0
2009-03-23,3.42524,6.609145972,0,0,0,0,0,0
2009-03-24,102.7572,5.884856002,0,0,0,0,0,0
2009-03-25,36.699,5.794319756,0,0,0,0,0,0
2009-03-26,2.128542,5.341638525,0,0,0,0,0,0
2009-03-27,0.97864,5.160566033,0,0,0,0,0,0
2009-03-28,0.782912,4.345739817,0,0,0,0,0,0
2009-03-29,2.4466,3.349841109,0,0,0,0,0,0
2009-03-30,1.10097,4.526812309,0,0,0,0,0,0
2009-03-31,13.94562,4.707884802,0,0,0,0,0,0
2009-04-01,3.91456,4.345739817,0,0,0,0,0,0
2009-04-02,1.149902,4.526812309,0,0,0,0,0,0
2009-04-03,1.052038,5.522711017,0,0,0,0,0,0
2009-04-04,0.758446,6.337537233,0,0,0,0,0,0
2009-04-05,0.880776,5.432174771,0,0,0,0,0,0
2009-04-06,0.636116,4.617348555,0,0,0,0,0,0
2009-04-07,0.464854,5.341638525,0,0,0,0,0,0
2009-04-08,0.342524,6.337537233,0,0,0,0,0,0
2009-04-09,0.195728,7.695580926,0,0,0,0,0,0
2009-04-10,0.12233,7.967189664,0,0,0,0,0,0
2009-04-11,0.048932,8.419870895,0,0,0,0,0,0
2009-04-12,0,9.053624619,0,0,0,0,0,0
2009-04-13,0,7.514508433,0,0,0,0,0,0
2009-04-14,0,6.790218464,0,0,0,0,0,0
2009-04-15,0,8.600943388,0,0,0,0,0,0
2009-04-16,0.171262,10.68327705,0,0,0,0,0,0
2009-04-17,0.048932,12.40346573,0,0,0,0,0,0
2009-04-18,0,13.39936444,0,0,0,0,0,0
2009-04-19,8.31844,12.49400197,0,0,0,0,0,0
2009-04-20,13.4563,10.32113207,0,0,0,0,0,0
2009-04-21,9.7864,8.057725911,0,0,0,0,0,0
2009-04-22,2.030678,8.600943388,0,0,0,0,0,0
2009-04-23,1.10097,9.95898708,0,0,0,0,0,0
2009-04-24,0.782912,12.13185699,0,0,0,0,0,0
2009-04-25,46.4854,13.67097317,0,0,0,0,0,0
2009-04-26,102.7572,10.7738133,0,0,0,0,0,0
2009-04-27,6.36116,11.86024825,0,0,0,0,0,0
2009-04-28,0.905242,11.49810327,0,0,0,0,0,0
2009-04-29,0.440388,11.58863951,0,0,0,0,0,0
2009-04-30,5.87184,12.49400197,0,0,0,0,0,0
2009-05-01,1.321164,12.9466832,0,0,0,0,0,0
2009-05-02,0.513786,13.03721945,0,0,0,0,0,0
2009-05-03,0.269126,13.76150942,0,0,0,0,0,0
2009-05-04,0.171262,15.11955311,0,0,0,0,0,0
2009-05-05,0.12233,15.02901687,0,0,0,0,0,0
2009-05-06,8.80776,14.93848062,0,0,0,0,0,0
2009-05-07,21.53008,16.02491557,0,0,0,0,0,0
2009-05-08,2.93592,16.38706056,0,0,0,0,0,0
2009-05-09,61.165,15.4816981,0,0,0,0,0,0
2009-05-10,2.93592,13.85204567,0,0,0,0,0,0
2009-05-11,0.636116,14.3047269,0,0,0,0,0,0
2009-05-12,0.318058,15.21008936,0,0,0,0,0,0
2009-05-13,26.9126,14.39526314,0,0,0,0,0,0
2009-05-14,26.9126,14.84794437,0,0,0,0,0,0
2009-05-15,1.59029,14.66687188,0,0,0,0,0,0
2009-05-16,0.587184,14.57633564,0,0,0,0,0,0
2009-05-17,0.293592,14.39526314,0,0,0,0,0,0
2009-05-18,0.342524,14.39526314,0,0,0,0,0,0
2009-05-19,0.195728,14.48579939,0,0,0,0,0,0
2009-05-20,0.073398,17.29242302,0,0,0,0,0,0
2009-05-21,0,18.19778548,0,0,0,0,0,0
2009-05-22,1.003106,18.74100296,0,0,0,0,0,0
2009-05-23,10.52038,19.10314795,0,0,0,0,0,0
2009-05-24,1.639222,20.37065539,0,0,0,0,0,0
2009-05-25,0.709514,18.10724924,0,0,0,0,0,0
2009-05-26,2.20194,16.38706056,0,0,0,0,0,0
2009-05-27,12.96698,15.39116185,0,0,0,0,0,0
2009-05-28,2.4466,14.66687188,0,0,0,0,0,0
2009-05-29,1.003106,15.66277059,0,0,0,0,0,0
2009-05-30,0.660582,16.6586693,0,0,0,0,0,0
2009-05-31,0.440388,17.29242302,0,0,0,0,0,0
2009-06-01,0.73398,18.83153921,0,0,0,0,0,0
2009-06-02,0.391456,17.20188678,0,0,0,0,0,0
2009-06-03,0.587184,17.11135053,0,0,0,0,0,0
2009-06-04,0.24466,18.19778548,0,0,0,0,0,0
2009-06-05,0.171262,19.37475668,0,0,0,0,0,0
2009-06-06,0.12233,17.02081428,0,0,0,0,0,0
2009-06-07,0.171262,14.84794437,0,0,0,0,0,0
2009-06-08,75.8446,15.21008936,0,0,0,0,0,0
2009-06-09,3.6699,16.56813305,0,0,0,0,0,0
2009-06-10,0.660582,18.65046671,0,0,0,0,0,0
2009-06-11,0.318058,19.28422044,0,0,0,0,0,0
2009-06-12,0.097864,19.73690167,0,0,0,0,0,0
2009-06-13,3.18058,20.55172788,0,0,0,0,0,0
2009-06-14,0.954174,21.54762659,0,0,0,0,0,0
2009-06-15,0.464854,22.72459779,0,0,0,0,0,0
2009-06-16,0.24466,20.64226413,0,0,0,0,0,0
2009-06-17,0.293592,19.55582918,0,0,0,0,0,0
2009-06-18,0.24466,21.54762659,0,0,0,0,0,0
2009-06-19,92.9708,22.27191656,0,0,0,0,0,0
2009-06-20,12.233,22.90567029,0,0,0,0,0,0
2009-06-21,1.370096,23.17727902,0,0,0,0,0,0
2009-06-22,3.42524,23.53942401,0,0,0,0,0,0
2009-06-23,1.003106,24.98800395,0,0,0,0,0,0
2009-06-24,0.636116,26.61765638,0,0,0,0,0,0
2009-06-25,0.61165,27.16087386,0,0,0,0,0,0
2009-06-26,0.73398,27.07033761,0,0,0,0,0,0
2009-06-27,0.636116,25.62175767,0,0,0,0,0,0
2009-06-28,0.538252,23.81103275,0,0,0,0,0,0
2009-06-29,0.293592,21.3665541,0,0,0,0,0,0
2009-06-30,0.342524,19.19368419,0,0,0,0,0,0
2009-07-01,0.293592,17.38295927,0,0,0,0,0,0
2009-07-02,0.171262,17.02081428,0,0,0,0,0,0
2009-07-03,0.024466,18.10724924,0,0,0,0,0,0
2009-07-04,0,20.00851041,0,0,0,0,0,0
2009-07-05,0,21.18548161,0,0,0,0,0,0
2009-07-06,0,22.00030782,0,0,0,0,0,0
2009-07-07,0,22.00030782,0,0,0,0,0,0
2009-07-08,0.097864,20.82333662,0,0,0,0,0,0
2009-07-09,0,20.00851041,0,0,0,0,0,0
2009-07-10,2.93592,21.3665541,0,0,0,0,0,0
2009-07-11,13.21164,22.27191656,0,0,0,0,0,0
2009-07-12,1.125436,22.27191656,0,0,0,0,0,0
2009-07-13,0.391456,23.08674278,0,0,0,0,0,0
2009-07-14,0.269126,22.09084407,0,0,0,0,0,0
2009-07-15,4.40388,21.45709035,0,0,0,0,0,0
2009-07-16,0.880776,21.72869908,0,0,0,0,0,0
2009-07-17,0.831844,19.55582918,0,0,0,0,0,0
2009-07-18,0.440388,17.47349551,0,0,0,0,0,0
2009-07-19,0.342524,17.74510425,0,0,0,0,0,0
2009-07-20,0.342524,18.92207545,0,0,0,0,0,0
2009-07-21,12.47766,19.64636542,0,0,0,0,0,0
2009-07-22,14.19028,19.28422044,0,0,0,0,0,0
2009-07-23,1.663688,20.82333662,0,0,0,0,0,0
2009-07-24,2.275338,20.55172788,0,0,0,0,0,0
2009-07-25,1.394562,20.00851041,0,0,0,0,0,0
2009-07-26,0.880776,20.82333662,0,0,0,0,0,0
2009-07-27,0.685048,21.45709035,0,0,0,0,0,0
2009-07-28,0.440388,22.00030782,0,0,0,0,0,0
2009-07-29,0.269126,21.72869908,0,0,0,0,0,0
2009-07-30,1.810484,21.3665541,0,0,0,0,0,0
2009-07-31,0.880776,20.73280038,0,0,0,0,0,0
2009-08-01,0.562718,21.18548161,0,0,0,0,0,0
2009-08-02,0.391456,19.82743791,0,0,0,0,0,0
2009-08-03,0.391456,21.09494536,0,0,0,0,0,0
2009-08-04,0.171262,22.45298905,0,0,0,0,0,0
2009-08-05,0.048932,21.54762659,0,0,0,0,0,0
2009-08-06,0,21.72869908,0,0,0,0,0,0
2009-08-07,4.40388,21.18548161,0,0,0,0,0,0
2009-08-08,51.3786,20.28011915,0,0,0,0,0,0
2009-08-09,6.60582,22.5435253,0,0,0,0,0,0
2009-08-10,3.91456,22.45298905,0,0,0,0,0,0
2009-08-11,1.174368,23.35835152,0,0,0,0,0,0
2009-08-12,0.440388,22.99620653,0,0,0,0,0,0
2009-08-13,0.12233,23.99210524,0,0,0,0,0,0
2009-08-14,0,23.81103275,0,0,0,0,0,0
2009-08-15,0,24.08264149,0,0,0,0,0,0
2009-08-16,0.097864,23.35835152,0,0,0,0,0,0
2009-08-17,0.391456,22.36245281,0,0,0,0,0,0
2009-08-18,0.464854,22.00030782,0,0,0,0,0,0
2009-08-19,1.565824,21.18548161,0,0,0,0,0,0
2009-08-20,5.13786,20.55172788,0,0,0,0,0,0
2009-08-21,2.030678,18.92207545,0,0,0,0,0,0
2009-08-22,0.954174,18.46939422,0,0,0,0,0,0
2009-08-23,0.48932,18.65046671,0,0,0,0,0,0
2009-08-24,0.293592,19.73690167,0,0,0,0,0,0
2009-08-25,0.097864,20.09904665,0,0,0,0,0,0
2009-08-26,0.318058,20.46119164,0,0,0,0,0,0
2009-08-27,2.4466,18.92207545,0,0,0,0,0,0
2009-08-28,9.7864,18.19778548,0,0,0,0,0,0
2009-08-29,7.58446,17.92617674,0,0,0,0,0,0
2009-08-30,0.905242,16.38706056,0,0,0,0,0,0
2009-08-31,0.36699,16.47759681,0,0,0,0,0,0
2009-09-01,0.195728,17.20188678,0,0,0,0,0,0
2009-09-02,0.440388,18.01671299,0,0,0,0,0,0
2009-09-03,0.342524,19.10314795,0,0,0,0,0,0
2009-09-04,0.097864,19.73690167,0,0,0,0,0,0
2009-09-05,0,20.1895829,0,0,0,0,0,0
2009-09-06,0,20.28011915,0,0,0,0,0,0
2009-09-07,0,20.55172788,0,0,0,0,0,0
2009-09-08,0,20.37065539,0,0,0,0,0,0
2009-09-09,0,20.00851041,0,0,0,0,0,0
2009-09-10,0,20.46119164,0,0,0,0,0,0
2009-09-11,0,21.00440912,0,0,0,0,0,0
2009-09-12,0,21.00440912,0,0,0,0,0,0
2009-09-13,0,20.55172788,0,0,0,0,0,0
2009-09-14,0,21.09494536,0,0,0,0,0,0
2009-09-15,0,21.45709035,0,0,0,0,0,0
2009-09-16,0.024466,20.00851041,0,0,0,0,0,0
2009-09-17,0,18.55993047,0,0,0,0,0,0
2009-09-18,0,18.92207545,0,0,0,0,0,0
2009-09-19,0,18.92207545,0,0,0,0,0,0
2009-09-20,0.146796,18.74100296,0,0,0,0,0,0
2009-09-21,0.12233,18.28832173,0,0,0,0,0,0
2009-09-22,124.7766,17.92617674,0,0,0,0,0,0
2009-09-23,22.26406,18.10724924,0,0,0,0,0,0
2009-09-24,1.34563,18.46939422,0,0,0,0,0,0
2009-09-25,1.247766,18.10724924,0,0,0,0,0,0
2009-09-26,0.880776,17.47349551,0,0,0,0,0,0
2009-09-27,14.92426,17.47349551,0,0,0,0,0,0
2009-09-28,7.82912,14.84794437,0,0,0,0,0,0
2009-09-29,0.97864,12.04132074,0,0,0,0,0,0
2009-09-30,0.636116,12.22239324,0,0,0,0,0,0
2009-10-01,10.52038,11.49810327,0,0,0,0,0,0
2009-10-02,13.21164,11.13595828,0,0,0,0,0,0
2009-10-03,1.443494,10.7738133,0,0,0,0,0,0
2009-10-04,0.538252,10.50220456,0,0,0,0,0,0
2009-10-05,0.269126,10.7738133,0,0,0,0,0,0
2009-10-06,5.87184,11.04542203,0,0,0,0,0,0
2009-10-07,2.69126,10.23059582,0,0,0,0,0,0
2009-10-08,1.076504,10.23059582,0,0,0,0,0,0
2009-10-09,0.61165,9.234697111,0,0,0,0,0,0
2009-10-10,0.318058,7.60504468,0,0,0,0,0,0
2009-10-11,0.048932,6.428073479,0,0,0,0,0,0
2009-10-12,0.440388,6.518609725,0,0,0,0,0,0
2009-10-13,0.73398,6.065928494,0,0,0,0,0,0
2009-10-14,0.636116,5.884856002,0,0,0,0,0,0
2009-10-15,3.6699,5.522711017,0,0,0,0,0,0
2009-10-16,1.737086,5.613247264,0,0,0,0,0,0
2009-10-17,0.61165,6.065928494,0,0,0,0,0,0
2009-10-18,0.318058,6.337537233,0,0,0,0,0,0
2009-10-19,0.146796,7.514508433,0,0,0,0,0,0
2009-10-20,0.12233,8.510407141,0,0,0,0,0,0
2009-10-21,0.146796,9.053624619,0,0,0,0,0,0
2009-10-22,31.8058,9.415769603,0,0,0,0,0,0
2009-10-23,78.2912,7.061827203,0,0,0,0,0,0
2009-10-24,12.47766,7.061827203,0,0,0,0,0,0
2009-10-25,1.076504,8.057725911,0,0,0,0,0,0
2009-10-26,2.4466,8.600943388,0,0,0,0,0,0
2009-10-27,1.932814,8.329334649,0,0,0,0,0,0
2009-10-28,0.73398,8.691479634,0,0,0,0,0,0
2009-10-29,7.09514,9.144160865,0,0,0,0,0,0
2009-10-30,73.398,10.04952333,0,0,0,0,0,0
2009-10-31,4.15922,7.876653418,0,0,0,0,0,0
2009-11-01,1.2233,6.699682218,0,0,0,0,0,0
2009-11-02,0.587184,6.971290956,0,0,0,0,0,0
2009-11-03,0.318058,6.247000987,0,0,0,0,0,0
2009-11-04,0.146796,6.156464741,0,0,0,0,0,0
2009-11-05,0,5.975392248,0,0,0,0,0,0
2009-11-06,0,6.518609725,0,0,0,0,0,0
2009-11-07,0,8.057725911,0,0,0,0,0,0
2009-11-08,0,8.78201588,0,0,0,0,0,0
2009-11-09,0,9.868450834,0,0,0,0,0,0
2009-11-10,0,8.872552126,0,0,0,0,0,0
2009-11-11,0,7.695580926,0,0,0,0,0,0
2009-11-12,0,6.699682218,0,0,0,0,0,0
2009-11-13,0,6.247000987,0,0,0,0,0,0
2009-11-14,0,6.790218464,0,0,0,0,0,0
2009-11-15,0,6.065928494,0,0,0,0,0,0
2009-11-16,0,4.798421048,0,0,0,0,0,0
2009-11-17,0,3.983594832,0,0,0,0,0,0
2009-11-18,0.24466,4.345739817,0,0,0,0,0,0
2009-11-19,0.415922,4.888957294,0,0,0,0,0,0
2009-11-20,0.171262,5.884856002,0,0,0,0,0,0
2009-11-21,0.097864,5.975392248,0,0,0,0,0,0
2009-11-22,0,6.428073479,0,0,0,0,0,0
2009-11-23,0,6.247000987,0,0,0,0,0,0
2009-11-24,2.373202,6.337537233,0,0,0,0,0,0
2009-11-25,17.37086,6.518609725,0,0,0,0,0,0
2009-11-26,17.37086,4.707884802,0,0,0,0,0,0
2009-11-27,1.908348,3.349841109,0,0,0,0,0,0
2009-11-28,0.807378,3.349841109,0,0,0,0,0,0
2009-11-29,0.562718,3.259304863,0,0,0,0,0,0
2009-11-30,0.440388,2.897159878,0,0,0,0,0,0
2009-12-01,0.318058,2.897159878,0,0,0,0,0,0
2009-12-02,0.269126,2.806623632,0,0,0,0,0,0
2009-12-03,0.12233,1.539116185,0,0,0,0,0,0
2009-12-04,0.048932,0.452681231,0,0,0,0,0,0
2009-12-05,0,0.543217477,0,0,0,0,0,0
2009-12-06,0,1.448579939,0,0,0,0,0,0
2009-12-07,0.097864,1.539116185,0,0,0,0,0,0
2009-12-08,0.048932,0.995898708,0,0,0,0,0,0
2009-12-09,0.048932,0.452681231,0,0,0,0,0,0
2009-12-10,0,0.271608739,0,0,0,0,0,0
2009-12-11,0.171262,0.181072492,0,0,0,0,0,0
2009-12-12,0.146796,0.181072492,0,0,0,0,0,0
2009-12-13,0.464854,0.090536246,0,0,0,0,0,0
2009-12-14,0.807378,0,0,0,0,0,0,0
2009-12-15,0.587184,0,0,0,0,0,0,0
2009-12-16,0.269126,0,0,0,0,0,0,0
2009-12-17,0.195728,0,0,0,0,0,0,0
2009-12-18,0.24466,0,0,0,0,0,0,0
2009-12-19,0.24466,0,0,0,0,0,0,0
2009-12-20,0.24466,0,0,0,0,0,0,0
2009-12-21,0.48932,0,0,0,0,0,0,0
2009-12-22,0.293592,0,0,0,0,0,0,0
2009-12-23,0.36699,0,0,0,0,0,0,0
2009-12-24,7.58446,0,0,0,0,0,0,0
2009-12-25,68.5048,0,0,0,0,0,0,0
2009-12-26,9.7864,0,0,0,0,0,0,0
2009-12-27,1.492426,0,0,0,0,0,0,0
2009-12-28,0.85631,0,0,0,0,0,0,0
2009-12-29,0.48932,0,0,0,0,0,0,0
2009-12-30,0.391456,0,0,0,0,0,0,0
2009-12-31,0.48932,0,0,0,0,0,0,0
2010-01-01,0.342524,0,0,0,0,0,0,0
2010-01-02,0.195728,0,0,0,0,0,0,0
2010-01-03,0.12233,0,0,0,0,0,0,0
2010-01-04,0.12233,0,0,0,0,0,0,0
2010-01-05,0.12233,0,0,0,0,0,0,0
2010-01-06,0.097864,0,0,0,0,0,0,0
2010-01-07,0.269126,0,0,0,0,0,0,0
2010-01-08,0.195728,0,0,0,0,0,0,0
2010-01-09,0.12233,0,0,0,0,0,0,0
2010-01-10,0.146796,0,0,0,0,0,0,0
2010-01-11,0.220194,0,0,0,0,0,0,0
2010-01-12,0.12233,0,0,0,0,0,0,0
2010-01-13,0.12233,0,0,0,0,0,0,0
2010-01-14,0.195728,0,0,0,0,0,0,0
2010-01-15,0.12233,0,0,0,0,0,0,0
2010-01-16,0.12233,0,0,0,0,0,0,0
2010-01-17,0.12233,0,0,0,0,0,0,0
2010-01-18,0.171262,0,0,0,0,0,0,0
2010-01-19,0.171262,0,0,0,0,0,0,0
2010-01-20,0.12233,0,0,0,0,0,0,0
2010-01-21,0.12233,0,0,0,0,0,0,0
2010-01-22,0.12233,0,0,0,0,0,0,0
2010-01-23,0.513786,0,0,0,0,0,0,0
2010-01-24,44.0388,0,0,0,0,0,0,0
2010-01-25,6.85048,0,0,0,0,0,0,0
2010-01-26,1.003106,0,0,0,0,0,0,0
2010-01-27,0.464854,0,0,0,0,0,0,0
2010-01-28,0.36699,0,0,0,0,0,0,0
2010-01-29,0.415922,0,0,0,0,0,0,0
2010-01-30,0.24466,0,0,0,0,0,0,0
2010-01-31,0.24466,0,0,0,0,0,0,0
2010-02-01,0.220194,0,0,0,0,0,0,0
2010-02-02,0.269126,0,0,0,0,0,0,0
2010-02-03,0.269126,0,0,0,0,0,0,0
2010-02-04,0.318058,0,0,0,0,0,0,0
2010-02-05,0.36699,0,0,0,0,0,0,0
2010-02-06,0.269126,0,0,0,0,0,0,0
2010-02-07,0.24466,0,0,0,0,0,0,0
2010-02-08,0.24466,0,0,0,0,0,0,0
2010-02-09,0.24466,0,0,0,0,0,0,0
2010-02-10,0.24466,0,0,0,0,0,0,0
2010-02-11,0.24466,0,0,0,0,0,0,0
2010-02-12,0.220194,0,0,0,0,0,0,0
2010-02-13,0.195728,0,0,0,0,0,0,0
2010-02-14,0.195728,0,0,0,0,0,0,0
2010-02-15,0.24466,0,0,0,0,0,0,0
2010-02-16,0.48932,0,0,0,0,0,0,0
2010-02-17,0.73398,0,0,0,0,0,0,0
2010-02-18,0.73398,0.181072492,0,0,0,0,0,0
2010-02-19,0.880776,0.362144985,0,0,0,0,0,0
2010-02-20,0.905242,0.633753723,0,0,0,0,0,0
2010-02-21,1.052038,1.1769712,0,0,0,0,0,0
2010-02-22,1.174368,1.086434954,0,0,0,0,0,0
2010-02-23,1.492426,1.539116185,0,0,0,0,0,0
2010-02-24,1.198834,0.543217477,0,0,0,0,0,0
2010-02-25,0.660582,0.724289969,0,0,0,0,0,0
2010-02-26,0.562718,0.543217477,0,0,0,0,0,0
2010-02-27,0.587184,1.1769712,0,0,0,0,0,0
2010-02-28,0.782912,1.629652431,0,0,0,0,0,0
2010-03-01,1.34563,2.444478647,0,0,0,0,0,0
2010-03-02,1.370096,1.720188678,0,0,0,0,0,0
2010-03-03,1.125436,1.810724924,0,0,0,0,0,0
2010-03-04,1.198834,2.082333662,0,0,0,0,0,0
2010-03-05,1.34563,2.172869908,0,0,0,0,0,0
2010-03-06,1.59029,2.263406155,0,0,0,0,0,0
2010-03-07,1.443494,2.535014893,0,0,0,0,0,0
2010-03-08,1.908348,2.806623632,0,0,0,0,0,0
2010-03-09,3.91456,3.168768617,0,0,0,0,0,0
2010-03-10,31.8058,3.530913601,0,0,0,0,0,0
2010-03-11,21.77474,2.625551139,0,0,0,0,0,0
2010-03-12,5.87184,2.535014893,0,0,0,0,0,0
2010-03-13,4.8932,1.991797416,0,0,0,0,0,0
2010-03-14,2.69126,3.168768617,0,0,0,0,0,0
2010-03-15,1.516892,5.160566033,0,0,0,0,0,0
2010-03-16,0.954174,6.337537233,0,0,0,0,0,0
2010-03-17,0.709514,7.152363449,0,0,0,0,0,0
2010-03-18,0.562718,7.967189664,0,0,0,0,0,0
2010-03-19,0.73398,8.419870895,0,0,0,0,0,0
2010-03-20,2.69126,5.432174771,0,0,0,0,0,0
2010-03-21,1.10097,5.794319756,0,0,0,0,0,0
2010-03-22,0.61165,7.333435941,0,0,0,0,0,0
2010-03-23,0.36699,8.419870895,0,0,0,0,0,0
2010-03-24,0.24466,9.325233357,0,0,0,0,0,0
2010-03-25,0.146796,8.419870895,0,0,0,0,0,0
2010-03-26,0.073398,5.975392248,0,0,0,0,0,0
2010-03-27,0.024466,5.884856002,0,0,0,0,0,0
2010-03-28,0.024466,6.609145972,0,0,0,0,0,0
2010-03-29,0,7.514508433,0,0,0,0,0,0
2010-03-30,1.419028,8.419870895,0,0,0,0,0,0
2010-03-31,0.12233,10.7738133,0,0,0,0,0,0
2010-04-01,0.024466,13.48990068,0,0,0,0,0,0
2010-04-02,0.073398,14.75740813,0,0,0,0,0,0
2010-04-03,0.391456,13.48990068,0,0,0,0,0,0
2010-04-04,0.269126,11.769712,0,0,0,0,0,0
2010-04-05,1.663688,12.22239324,0,0,0,0,0,0
2010-04-06,83.1844,11.86024825,0,0,0,0,0,0
2010-04-07,48.932,9.415769603,0,0,0,0,0,0
2010-04-08,29.3592,6.428073479,0,0,0,0,0,0
2010-04-09,2.4466,6.337537233,0,0,0,0,0,0
2010-04-10,0.636116,9.144160865,0,0,0,0,0,0
2010-04-11,0.318058,11.22649453,0,0,0,0,0,0
2010-04-12,0.318058,11.58863951,0,0,0,0,0,0
2010-04-13,0.220194,11.40756702,0,0,0,0,0,0
2010-04-14,0.073398,12.31292948,0,0,0,0,0,0
2010-04-15,0.097864,15.11955311,0,0,0,0,0,0
2010-04-16,0.097864,15.30062561,0,0,0,0,0,0
2010-04-17,0,12.9466832,0,0,0,0,0,0
2010-04-18,0,12.67507447,0,0,0,0,0,0
2010-04-19,0,13.58043693,0,0,0,0,0,0
2010-04-20,0,14.21419065,0,0,0,0,0,0
2010-04-21,0,15.4816981,0,0,0,0,0,0
2010-04-22,0,13.94258191,0,0,0,0,0,0
2010-04-23,0,13.76150942,0,0,0,0,0,0
2010-04-24,5.38252,12.04132074,0,0,0,0,0,0
2010-04-25,56.2718,9.95898708,0,0,0,0,0,0
2010-04-26,6.60582,10.50220456,0,0,0,0,0,0
2010-04-27,1.932814,11.9507845,0,0,0,0,0,0
2010-04-28,1.247766,12.85614696,0,0,0,0,0,0
2010-04-29,0.905242,13.94258191,0,0,0,0,0,0
2010-04-30,6.60582,15.39116185,0,0,0,0,0,0
2010-05-01,5.13786,16.02491557,0,0,0,0,0,0
2010-05-02,0.807378,16.38706056,0,0,0,0,0,0
2010-05-03,0.318058,16.20598807,0,0,0,0,0,0
2010-05-04,0.048932,16.02491557,0,0,0,0,0,0
2010-05-05,0.342524,16.6586693,0,0,0,0,0,0
2010-05-06,0.048932,14.84794437,0,0,0,0,0,0
2010-05-07,11.49902,12.49400197,0,0,0,0,0,0
2010-05-08,4.40388,10.04952333,0,0,0,0,0,0
2010-05-09,0.880776,10.14005957,0,0,0,0,0,0
2010-05-10,0.36699,11.49810327,0,0,0,0,0,0
2010-05-11,34.2524,9.325233357,0,0,0,0,0,0
2010-05-12,13.4563,8.329334649,0,0,0,0,0,0
2010-05-13,73.398,8.872552126,0,0,0,0,0,0
2010-05-14,4.15922,11.13595828,0,0,0,0,0,0
2010-05-15,0.636116,13.48990068,0,0,0,0,0,0
2010-05-16,0.269126,14.03311816,0,0,0,0,0,0
2010-05-17,0.048932,14.75740813,0,0,0,0,0,0
2010-05-18,0,16.02491557,0,0,0,0,0,0
2010-05-19,0,17.65456801,0,0,0,0,0,0
2010-05-20,0,19.0126117,0,0,0,0,0,0
2010-05-21,3.42524,17.47349551,0,0,0,0,0,0
2010-05-22,0.85631,18.37885798,0,0,0,0,0,0
2010-05-23,0.342524,20.73280038,0,0,0,0,0,0
2010-05-24,0.097864,23.53942401,0,0,0,0,0,0
2010-05-25,0.709514,23.99210524,0,0,0,0,0,0
2010-05-26,29.3592,24.08264149,0,0,0,0,0,0
2010-05-27,34.2524,24.26371398,0,0,0,0,0,0
2010-05-28,3.6699,23.7204965,0,0,0,0,0,0
2010-05-29,1.46796,24.08264149,0,0,0,0,0,0
2010-05-30,0.831844,24.62585896,0,0,0,0,0,0
2010-05-31,0,24.71639521,0,0,0,0,0,0
2010-06-01,0,23.26781527,0,0,0,0,0,0
2010-06-02,1.565824,23.35835152,0,0,0,0,0,0
2010-06-03,2.055144,21.81923533,0,0,0,0,0,0
2010-06-04,18.3495,20.91387287,0,0,0,0,0,0
2010-06-05,73.398,20.82333662,0,0,0,0,0,0
2010-06-06,53.8252,19.55582918,0,0,0,0,0,0
2010-06-07,7.3398,19.73690167,0,0,0,0,0,0
2010-06-08,20.7961,17.92617674,0,0,0,0,0,0
2010-06-09,3.42524,18.37885798,0,0,0,0,0,0
2010-06-10,1.541358,19.37475668,0,0,0,0,0,0
2010-06-11,1.443494,19.19368419,0,0,0,0,0,0
2010-06-12,0.269126,21.09494536,0,0,0,0,0,0
2010-06-13,0.269126,20.37065539,0,0,0,0,0,0
2010-06-14,1.516892,19.91797416,0,0,0,0,0,0
2010-06-15,41.5922,18.83153921,0,0,0,0,0,0
2010-06-16,13.94562,19.73690167,0,0,0,0,0,0
2010-06-17,0.97864,22.00030782,0,0,0,0,0,0
2010-06-18,2.422134,22.63406155,0,0,0,0,0,0
2010-06-19,0.807378,22.27191656,0,0,0,0,0,0
2010-06-20,0.171262,22.63406155,0,0,0,0,0,0
2010-06-21,51.3786,22.72459779,0,0,0,0,0,0
2010-06-22,51.3786,23.53942401,0,0,0,0,0,0
2010-06-23,75.8446,23.90156899,0,0,0,0,0,0
2010-06-24,7.09514,22.72459779,0,0,0,0,0,0
2010-06-25,1.71262,22.99620653,0,0,0,0,0,0
2010-06-26,36.699,23.53942401,0,0,0,0,0,0
2010-06-27,48.932,23.90156899,0,0,0,0,0,0
2010-06-28,3.91456,23.17727902,0,0,0,0,0,0
2010-06-29,1.34563,22.45298905,0,0,0,0,0,0
2010-06-30,1.174368,22.63406155,0,0,0,0,0,0
2010-07-01,0.807378,22.90567029,0,0,0,0,0,0
2010-07-02,0,22.63406155,0,0,0,0,0,0
2010-07-03,0,22.45298905,0,0,0,0,0,0
2010-07-04,0,23.26781527,0,0,0,0,0,0
2010-07-05,1.71262,22.90567029,0,0,0,0,0,0
2010-07-06,0.85631,23.08674278,0,0,0,0,0,0
2010-07-07,13.4563,24.26371398,0,0,0,0,0,0
2010-07-08,7.09514,24.53532272,0,0,0,0,0,0
2010-07-09,1.83495,24.35425022,0,0,0,0,0,0
2010-07-10,0.97864,24.80693146,0,0,0,0,0,0
2010-07-11,0.61165,24.53532272,0,0,0,0,0,0
2010-07-12,0,23.17727902,0,0,0,0,0,0
2010-07-13,0,23.62996025,0,0,0,0,0,0
2010-07-14,0,24.26371398,0,0,0,0,0,0
2010-07-15,58.7184,24.26371398,0,0,0,0,0,0
2010-07-16,4.15922,24.26371398,0,0,0,0,0,0
2010-07-17,1.149902,24.17317773,0,0,0,0,0,0
2010-07-18,3.42524,25.44068518,0,0,0,0,0,0
2010-07-19,1.052038,25.80283016,0,0,0,0,0,0
2010-07-20,1.174368,25.35014893,0,0,0,0,0,0
2010-07-21,0.61165,24.98800395,0,0,0,0,0,0
2010-07-22,110.097,24.17317773,0,0,0,0,0,0
2010-07-23,66.0582,22.36245281,0,0,0,0,0,0
2010-07-24,56.2718,22.18138032,0,0,0,0,0,0
2010-07-25,4.8932,23.08674278,0,0,0,0,0,0
2010-07-26,1.198834,23.62996025,0,0,0,0,0,0
2010-07-27,0.85631,23.53942401,0,0,0,0,0,0
2010-07-28,1.321164,24.17317773,0,0,0,0,0,0
2010-07-29,0.709514,24.08264149,0,0,0,0,0,0
2010-07-30,0.636116,23.62996025,0,0,0,0,0,0
2010-07-31,0.587184,22.72459779,0,0,0,0,0,0
2010-08-01,0.073398,22.72459779,0,0,0,0,0,0
2010-08-02,0,23.26781527,0,0,0,0,0,0
2010-08-03,0.464854,23.35835152,0,0,0,0,0,0
2010-08-04,0.48932,24.44478647,0,0,0,0,0,0
2010-08-05,0,24.44478647,0,0,0,0,0,0
2010-08-06,0,23.35835152,0,0,0,0,0,0
2010-08-07,0,23.35835152,0,0,0,0,0,0
2010-08-08,51.3786,23.08674278,0,0,0,0,0,0
2010-08-09,36.699,23.35835152,0,0,0,0,0,0
2010-08-10,2.93592,24.62585896,0,0,0,0,0,0
2010-08-11,0.880776,25.07854019,0,0,0,0,0,0
2010-08-12,0.36699,25.35014893,0,0,0,0,0,0
2010-08-13,97.864,24.98800395,0,0,0,0,0,0
2010-08-14,44.0388,23.08674278,0,0,0,0,0,0
2010-08-15,2.93592,23.44888776,0,0,0,0,0,0
2010-08-16,0.807378,22.18138032,0,0,0,0,0,0
2010-08-17,0.685048,21.63816284,0,0,0,0,0,0
2010-08-18,0.48932,20.82333662,0,0,0,0,0,0
2010-08-19,0.391456,21.45709035,0,0,0,0,0,0
2010-08-20,2.69126,22.5435253,0,0,0,0,0,0
2010-08-21,0.97864,22.72459779,0,0,0,0,0,0
2010-08-22,0.61165,23.08674278,0,0,0,0,0,0
2010-08-23,0.318058,24.17317773,0,0,0,0,0,0
2010-08-24,0.269126,23.08674278,0,0,0,0,0,0
2010-08-25,0.293592,21.90977158,0,0,0,0,0,0
2010-08-26,0.269126,20.55172788,0,0,0,0,0,0
2010-08-27,0.048932,20.82333662,0,0,0,0,0,0
2010-08-28,0,21.63816284,0,0,0,0,0,0
2010-08-29,0,22.00030782,0,0,0,0,0,0
2010-08-30,0,22.90567029,0,0,0,0,0,0
2010-08-31,19.5728,22.5435253,0,0,0,0,0,0
2010-09-01,63.6116,21.90977158,0,0,0,0,0,0
2010-09-02,56.2718,21.81923533,0,0,0,0,0,0
2010-09-03,29.3592,19.82743791,0,0,0,0,0,0
2010-09-04,2.93592,17.02081428,0,0,0,0,0,0
2010-09-05,0.954174,16.83974179,0,0,0,0,0,0
2010-09-06,0.513786,17.11135053,0,0,0,0,0,0
2010-09-07,0.342524,16.47759681,0,0,0,0,0,0
2010-09-08,0.293592,15.30062561,0,0,0,0,0,0
2010-09-09,0.782912,15.75330684,0,0,0,0,0,0
2010-09-10,0.73398,16.11545182,0,0,0,0,0,0
2010-09-11,4.40388,16.56813305,0,0,0,0,0,0
2010-09-12,1.516892,16.47759681,0,0,0,0,0,0
2010-09-13,0.85631,17.65456801,0,0,0,0,0,0
2010-09-14,0.807378,17.56403176,0,0,0,0,0,0
2010-09-15,0.36699,18.10724924,0,0,0,0,0,0
2010-09-16,0.48932,17.74510425,0,0,0,0,0,0
2010-09-17,0.195728,17.11135053,0,0,0,0,0,0
2010-09-18,44.0388,17.65456801,0,0,0,0,0,0
2010-09-19,3.6699,16.02491557,0,0,0,0,0,0
2010-09-20,0.709514,15.39116185,0,0,0,0,0,0
2010-09-21,0.318058,16.56813305,0,0,0,0,0,0
2010-09-22,0.24466,17.29242302,0,0,0,0,0,0
2010-09-23,0.171262,18.28832173,0,0,0,0,0,0
2010-09-24,3.18058,17.8356405,0,0,0,0,0,0
2010-09-25,1.34563,15.4816981,0,0,0,0,0,0
2010-09-26,0.440388,14.66687188,0,0,0,0,0,0
2010-09-27,0.195728,14.03311816,0,0,0,0,0,0
2010-09-28,0.12233,14.84794437,0,0,0,0,0,0
2010-09-29,0.220194,15.11955311,0,0,0,0,0,0
2010-09-30,0.12233,16.02491557,0,0,0,0,0,0
2010-10-01,0.12233,15.30062561,0,0,0,0,0,0
2010-10-02,0.12233,13.67097317,0,0,0,0,0,0
2010-10-03,0.048932,12.13185699,0,0,0,0,0,0
2010-10-04,0.073398,11.769712,0,0,0,0,0,0
2010-10-05,0.048932,11.9507845,0,0,0,0,0,0
2010-10-06,0.024466,12.49400197,0,0,0,0,0,0
2010-10-07,0,13.21829194,0,0,0,0,0,0
2010-10-08,0.048932,13.67097317,0,0,0,0,0,0
2010-10-09,0,15.02901687,0,0,0,0,0,0
2010-10-10,0,16.02491557,0,0,0,0,0,0
2010-10-11,0.024466,16.6586693,0,0,0,0,0,0
2010-10-12,0,16.29652431,0,0,0,0,0,0
2010-10-13,0,15.84384308,0,0,0,0,0,0
2010-10-14,0,13.76150942,0,0,0,0,0,0
2010-10-15,0,12.49400197,0,0,0,0,0,0
2010-10-16,0,12.13185699,0,0,0,0,0,0
2010-10-17,0,12.04132074,0,0,0,0,0,0
2010-10-18,0,11.86024825,0,0,0,0,0,0
2010-10-19,0,11.04542203,0,0,0,0,0,0
2010-10-20,0,10.50220456,0,0,0,0,0,0
2010-10-21,0,9.95898708,0,0,0,0,0,0
2010-10-22,0,9.144160865,0,0,0,0,0,0
2010-10-23,1.003106,10.04952333,0,0,0,0,0,0
2010-10-24,24.466,11.40756702,0,0,0,0,0,0
2010-10-25,2.69126,12.13185699,0,0,0,0,0,0
2010-10-26,56.2718,12.58453822,0,0,0,0,0,0
2010-10-27,3.6699,8.600943388,0,0,0,0,0,0
2010-10-28,0.48932,6.518609725,0,0,0,0,0,0
2010-10-29,0.24466,5.522711017,0,0,0,0,0,0
2010-10-30,0.24466,6.156464741,0,0,0,0,0,0
2010-10-31,0.146796,6.247000987,0,0,0,0,0,0
2010-11-01,0.12233,5.884856002,0,0,0,0,0,0
2010-11-02,0.12233,5.884856002,0,0,0,0,0,0
2010-11-03,0.097864,6.518609725,0,0,0,0,0,0
2010-11-04,0.073398,6.247000987,0,0,0,0,0,0
2010-11-05,0,4.526812309,0,0,0,0,0,0
2010-11-06,0,3.80252234,0,0,0,0,0,0
2010-11-07,0,4.164667325,0,0,0,0,0,0
2010-11-08,0,5.613247264,0,0,0,0,0,0
2010-11-09,0,6.88075471,0,0,0,0,0,0
2010-11-10,0,7.967189664,0,0,0,0,0,0
2010-11-11,0,8.78201588,0,0,0,0,0,0
2010-11-12,0.12233,7.967189664,0,0,0,0,0,0
2010-11-13,2.93592,6.518609725,0,0,0,0,0,0
2010-11-14,0.97864,4.888957294,0,0,0,0,0,0
2010-11-15,0.954174,3.893058586,0,0,0,0,0,0
2010-11-16,0.929708,4.617348555,0,0,0,0,0,0
2010-11-17,1.174368,4.97949354,0,0,0,0,0,0
2010-11-18,0.954174,3.621449847,0,0,0,0,0,0
2010-11-19,0.48932,2.625551139,0,0,0,0,0,0
2010-11-20,0.220194,1.720188678,0,0,0,0,0,0
2010-11-21,0.12233,2.263406155,0,0,0,0,0,0
2010-11-22,0.929708,4.798421048,0,0,0,0,0,0
2010-11-23,0.61165,2.716087386,0,0,0,0,0,0
2010-11-24,4.15922,0.633753723,0,0,0,0,0,0
2010-11-25,3.6699,0.905362462,0,0,0,0,0,0
2010-11-26,0.929708,0.362144985,0,0,0,0,0,0
2010-11-27,0.48932,1.1769712,0,0,0,0,0,0
2010-11-28,0.269126,2.263406155,0,0,0,0,0,0
2010-11-29,0.415922,2.444478647,0,0,0,0,0,0
2010-11-30,1.052038,1.448579939,0,0,0,0,0,0
2010-12-01,0.48932,0.181072492,0,0,0,0,0,0
2010-12-02,0.24466,0.633753723,0,0,0,0,0,0
2010-12-03,0.12233,0.995898708,0,0,0,0,0,0
2010-12-04,0.146796,0.905362462,0,0,0,0,0,0
2010-12-05,0.12233,0.814826216,0,0,0,0,0,0
2010-12-06,0.097864,0.362144985,0,0,0,0,0,0
2010-12-07,0.048932,0.271608739,0,0,0,0,0,0
2010-12-08,0,0.271608739,0,0,0,0,0,0
2010-12-09,0.12233,0.181072492,0,0,0,0,0,0
2010-12-10,0.146796,0.090536246,0,0,0,0,0,0
2010-12-11,1.614756,0,0,0,0,0,0,0
2010-12-12,1.394562,0,0,0,0,0,0,0
2010-12-13,1.052038,0,0,0,0,0,0,0
2010-12-14,0.685048,0,0,0,0,0,0,0
2010-12-15,0.220194,0,0,0,0,0,0,0
2010-12-16,0.220194,0,0,0,0,0,0,0
2010-12-17,0.12233,0,0,0,0,0,0,0
2010-12-18,0.12233,0,0,0,0,0,0,0
2010-12-19,0.12233,0,0,0,0,0,0,0
2010-12-20,0.12233,0,0,0,0,0,0,0
2010-12-21,0.195728,0,0,0,0,0,0,0
2010-12-22,0.195728,0,0,0,0,0,0,0
2010-12-23,0.12233,0,0,0,0,0,0,0
2010-12-24,0.171262,0,0,0,0,0,0,0
2010-12-25,0.24466,0,0,0,0,0,0,0
2010-12-26,0.24466,0,0,0,0,0,0,0
2010-12-27,0.24466,0,0,0,0,0,0,0
2010-12-28,0.12233,0,0,0,0,0,0,0
2010-12-29,0.146796,0,0,0,0,0,0,0
2010-12-30,3.91456,0,0,0,0,0,0,0
2010-12-31,18.10484,0,0,0,0,0,0,0
